dataset,method,bioplanet_2019_gs_f1,bioplanet_2019_gs_n_active,bioplanet_2019_gs_precision,bioplanet_2019_gs_recall,chipatlas_tfb_f1,chipatlas_tfb_precision,chipatlas_tfb_recall,go_bp_2023_gs_f1,go_bp_2023_gs_n_active,go_bp_2023_gs_precision,go_bp_2023_gs_recall,gs_f1,hallmark_2020_gs_f1,hallmark_2020_gs_n_active,hallmark_2020_gs_precision,hallmark_2020_gs_recall,kegg_2021_gs_f1,kegg_2021_gs_n_active,kegg_2021_gs_precision,kegg_2021_gs_recall,r2_raw,r_precision,r_recall,reactome_2022_gs_f1,reactome_2022_gs_n_active,reactome_2022_gs_precision,reactome_2022_gs_recall,remap_tfb_f1,remap_tfb_precision,remap_tfb_recall,replicate_consistency,sem,t_rec_precision,t_rec_recall,tfb_f1,unibind_tfb_f1,unibind_tfb_precision,unibind_tfb_recall,vc,wikipathways_2019_gs_f1,wikipathways_2019_gs_n_active,wikipathways_2019_gs_precision,wikipathways_2019_gs_recall,ws_precision,ws_raw,ws_recall
300BCG,geneformer,0.5086805555555556,859.0,1.0,0.3410942956926659,0.06091647654638039,0.08152057890765611,0.04862631022561943,0.2493096646942801,2216.0,0.9905956112852664,0.14259927797833935,0.5703331921113036,0.8648648648648648,41.0,0.9696969696969697,0.7804878048780488,0.7048710601719198,225.0,0.9919354838709677,0.5466666666666666,0.620874519037728,0.24844448706610933,0.21807312979223106,0.494752623688156,1003.0,0.9969788519637462,0.32901296111665007,0.2278881333744852,0.28486016671810654,0.189906777812071,0.468418962242293,,,,0.1277691497075241,0.1871933413901099,0.23248205301674943,0.15667268790259198,0.11019100621342659,0.5995203836930456,290.0,0.984251968503937,0.43103448275862066,,,
300BCG,grnboost,0.4878048780487805,859.0,0.9688581314878892,0.3259604190919674,0.06729487303437744,0.0744539020805878,0.06139181399627416,0.24843260188087773,2216.0,0.9434523809523809,0.1430505415162455,0.5565575213625137,0.9,41.0,0.9230769230769231,0.8780487804878049,0.7327823691460056,225.0,0.9637681159420289,0.5911111111111111,0.6589167019210362,0.6082495600990443,0.3752381746276838,0.44135802469135804,1003.0,0.9761092150170648,0.2851445663010967,0.21532942677340483,0.21532942677340483,0.21532942677340483,0.5398086254890125,,,,0.11285845147385659,0.1440709081129553,0.16159304558615256,0.12997701492799227,0.1575806960463524,0.5289672544080605,290.0,0.9813084112149533,0.3620689655172414,,,
300BCG,negative_control,0.0,859.0,0.0,0.0,0.0009079928402632047,0.004766962411381825,0.0005017855169875604,0.0,2216.0,0.0,0.0,0.03404321865591584,0.17777777777777776,41.0,1.0,0.0975609756097561,0.008849557522123894,225.0,1.0,0.0044444444444444444,0.14448900219910252,0.18009113642084532,0.19419282235831506,0.003980099502487562,1003.0,1.0,0.0019940179461615153,0.0,-0.008982909100017124,-0.0014971515166695207,0.11953065578792121,,,,-0.00018421799377493916,0.0,-0.002881353059628997,-0.0004384667699435431,0.043769413605332375,0.013651877133105802,290.0,0.6666666666666666,0.006896551724137931,,,
300BCG,pearson_corr,0.3835360149672591,859.0,0.9761904761904762,0.23864959254947612,0.06042588643875442,0.07675720709787721,0.04982485373020101,0.21394230769230768,2216.0,0.9535714285714286,0.12048736462093863,0.46933925654716196,0.8641975308641976,41.0,0.875,0.8536585365853658,0.5969230769230769,225.0,0.97,0.4311111111111111,0.7661103160788911,0.6154285037104308,0.2742157945197332,0.37156704361873993,1003.0,0.9787234042553191,0.22931206380857427,0.17897804462968261,0.1871134102946682,0.17152062610344584,0.41520667754886764,,,,0.11021173787161308,0.15514030201537923,0.19267424605135808,0.12984568755634998,0.1881796084344387,0.38586956521739124,290.0,0.9102564102564102,0.24482758620689654,,,
300BCG,portia,0.555,859.0,0.9765395894428153,0.38766006984866125,0.05769649595706979,0.07101107194716283,0.048586522911216665,0.30547112462006076,2216.0,0.9663461538461539,0.18140794223826714,0.6187717604213355,0.926829268292683,41.0,0.926829268292683,0.926829268292683,0.7683923705722071,225.0,0.9929577464788732,0.6266666666666667,0.49423372480720157,0.39704830299807364,0.2668004637139772,0.4842105263157895,1003.0,0.9847094801223242,0.32103688933200397,0.16367653039428856,0.19095595212667002,0.1432169640950025,0.5399448096504001,,,,0.10140954125781519,0.1404160084916896,0.19442216560387793,0.10989078925436577,0.11688028462231159,0.6727272727272728,290.0,0.9866666666666667,0.5103448275862069,,,
300BCG,positive_control,0.37441204139228595,859.0,0.9754901960784313,0.23166472642607683,0.0517216166336339,0.06465202079204238,0.04310134719469491,0.21196306704134887,2216.0,0.96,0.11913357400722022,0.47132965167290863,0.9,41.0,0.9230769230769231,0.8780487804878049,0.6006191950464397,225.0,0.9897959183673469,0.4311111111111111,0.7702882305329872,0.6211241220596152,0.2780678084374531,0.3475409836065574,1003.0,0.9769585253456221,0.21136590229312063,0.17441088382023434,0.19185197220225778,0.1598766435018815,0.42120109136653017,,,,0.10369810999395357,0.15139400504531184,0.19176573972406166,0.1250646128635185,0.18232648447155952,0.39344262295081966,290.0,0.9473684210526315,0.2482758620689655,,,
300BCG,ppcor,0.006936416184971098,859.0,0.5,0.0034924330616996507,0.009643727390791848,0.009911608707202734,0.009389945091034165,0.005398110661268555,2216.0,0.8571428571428571,0.002707581227436823,0.09822172288685645,0.5,41.0,0.9333333333333333,0.34146341463414637,0.026200873362445417,225.0,0.75,0.013333333333333334,0.12905778684550095,0.17423893557956358,0.19204417099482093,0.003972194637537239,1003.0,0.5,0.0019940179461615153,0.0,-0.022061264066401423,-0.022061264066401423,0.32556023470369994,,,,0.0,0.0,-0.025564730924473332,-0.0227859558239871,0.06595838069915771,0.046822742474916385,290.0,0.7777777777777778,0.02413793103448276,,,
300BCG,scenic,0.3794392523364486,859.0,0.9620853080568721,0.23632130384167638,0.05384897683731574,0.08376507508026892,0.03967819345907475,0.12008456659619449,2216.0,0.9530201342281879,0.06407942238267147,0.4812894189462198,0.875,41.0,0.8974358974358975,0.8536585365853658,0.6507462686567165,225.0,0.990909090909091,0.48444444444444446,0.46040745051295917,0.380182991805681,0.2747188812129653,0.3523654159869495,1003.0,0.968609865470852,0.21535393818544366,0.22295884890462478,0.278698561130781,0.185799040753854,0.5015140684431258,,,,0.11802174783734524,0.17209781179242256,0.2382892778664312,0.13468524401146112,0.06718172691762447,0.51010101010101,290.0,0.9528301886792453,0.3482758620689655,,,
300BCG,scgpt,0.7005227781926812,859.0,0.9770833333333333,0.5459837019790454,0.034944751562644975,0.21665745968839883,0.019005040323543762,0.4213881019830028,2216.0,0.9786184210526315,0.2685018050541516,0.7183018886553735,0.963855421686747,41.0,0.9523809523809523,0.975609756097561,0.772972972972973,225.0,0.9862068965517241,0.6355555555555555,0.48732657130292584,0.25610064551289774,0.23383422464254355,0.6895657809462087,1003.0,0.9851851851851852,0.5304087736789631,0.009095534397581337,0.03183437039153468,0.005305728398589113,0.30683456263422737,,,,0.038300480691909354,0.0500796111072817,0.2554060166471367,0.027761523548601813,0.07741069421172142,0.7615062761506276,290.0,0.9680851063829787,0.6275862068965518,,,
300BCG,scprint,0.6326996197718631,859.0,0.9122807017543859,0.4842840512223516,0.0,-0.007496921071769934,-0.0010521994486694642,0.361863488624052,2216.0,0.9059674502712477,0.22608303249097472,0.681343333363416,0.9302325581395349,41.0,0.8888888888888888,0.975609756097561,0.8711943793911008,225.0,0.9207920792079208,0.8266666666666667,0.20258601589146719,0.15582997391679954,0.18910161181913127,0.5786941580756014,1003.0,0.9314159292035398,0.419740777666999,0.0,-0.10763628574488594,-0.008969690478740496,0.35168173240907324,,,,0.0,0.0,-0.016104382964802145,-0.0010502858455305748,0.0800422802567482,0.713375796178344,290.0,0.9281767955801105,0.5793103448275863,,,
MSCIC,celloracle,0.504424778761062,816.0,0.9076433121019108,0.3492647058823529,,,,0.14845550945136005,1965.0,0.7892156862745098,0.08193384223918575,0.5194065130985177,0.7419354838709677,32.0,0.7666666666666667,0.71875,0.6824925816023738,215.0,0.9426229508196722,0.5348837209302325,0.033379393039686525,0.015133213020372373,0.008811497528708006,0.5242255758538522,893.0,0.9016393442622951,0.36954087346024633,,,,0.3677965306023069,,,,,,,,,0.5149051490514905,266.0,0.9223300970873787,0.35714285714285715,,,
MSCIC,figr,0.13028571428571428,816.0,0.9661016949152542,0.06985294117647059,,,,0.052423343224530176,1965.0,0.9298245614035088,0.02697201017811705,0.20716451505789446,0.52,32.0,0.7222222222222222,0.40625,0.3088803088803089,215.0,0.9090909090909091,0.18604651162790697,0.00819781955248189,0.007019499151516083,0.00471795317305248,0.043478260869565216,893.0,0.7407407407407407,0.022396416573348264,,,,0.4516474144761111,,,,,,,,,0.1879194630872483,266.0,0.875,0.10526315789473684,,,
MSCIC,geneformer,0.35502958579881655,816.0,0.9090909090909091,0.22058823529411764,,,,0.10076045627376426,1965.0,0.762589928057554,0.0539440203562341,0.4328387839201204,0.8,32.0,0.7878787878787878,0.8125,0.4794520547945206,215.0,0.9090909090909091,0.32558139534883723,0.014815651978650188,0.007724345371732278,0.005789376217489999,0.43321917808219185,893.0,0.92,0.28331466965285557,,,,0.5635598787915342,,,,,,,,,0.4285714285714286,266.0,0.8928571428571429,0.2819548872180451,,,
MSCIC,granie,0.09610983981693362,816.0,0.7241379310344828,0.051470588235294115,,,,0.025025025025025027,1965.0,0.7575757575757576,0.01272264631043257,0.1492860289694871,0.2857142857142857,32.0,0.6,0.1875,0.18699186991869918,215.0,0.7419354838709677,0.10697674418604651,0.0009158136194217092,0.0015135566545252748,0.0013352775123831615,0.23689320388349513,893.0,0.8905109489051095,0.1366181410974244,,,,0.327892905075669,,,,,,,,,0.06498194945848375,266.0,0.8181818181818182,0.03383458646616541,,,
MSCIC,grnboost,0.5271966527196653,816.0,0.8311345646437994,0.3860294117647059,,,,0.22327996538295108,1965.0,0.7456647398843931,0.13129770992366413,0.5450625781514097,0.7164179104477612,32.0,0.6857142857142857,0.75,0.6434782608695653,215.0,0.8538461538461538,0.5162790697674419,0.04264608124012487,0.037096054723910206,0.021177438401896367,0.5762463343108505,893.0,0.8343949044585988,0.4400895856662934,,,,0.4507449099800045,,,,,,,,,0.5837563451776651,266.0,0.8984375,0.4323308270676692,,,
MSCIC,negative_control,0.004884004884004884,816.0,0.6666666666666666,0.0024509803921568627,,,,0.0,1965.0,0.0,0.0,0.012458220791554125,0.06060606060606061,32.0,1.0,0.03125,0.009259259259259259,215.0,1.0,0.004651162790697674,0.0004598184189845375,0.0006736868801291282,0.0008989118627840324,0.0,893.0,0.0,0.0,,,,0.061127195149915346,,,,,,,,,0.0,266.0,0.0,0.0,,,
MSCIC,pearson_corr,0.4155844155844156,816.0,0.8549618320610687,0.27450980392156865,,,,0.14627414903403863,1965.0,0.7607655502392344,0.08091603053435115,0.4741399201469429,0.75,32.0,0.75,0.75,0.6196319018404908,215.0,0.9099099099099099,0.4697674418604651,0.059889657537284854,0.028138438081294452,0.014683873183625672,0.4526748971193415,893.0,0.8540372670807453,0.3079507278835386,,,,0.3656999692234192,,,,,,,,,0.4606741573033708,266.0,0.9111111111111111,0.3082706766917293,,,
MSCIC,portia,0.33973128598848373,816.0,0.7831858407079646,0.21691176470588236,,,,0.1310123683005039,1965.0,0.6559633027522935,0.0727735368956743,0.4314618750267311,0.75,32.0,0.75,0.75,0.5225806451612903,215.0,0.8526315789473684,0.3767441860465116,0.025314867994405073,0.02879236090808062,0.015557713959825999,0.40100250626566414,893.0,0.7894736842105263,0.2687569988801792,,,,0.5115274058330355,,,,,,,,,0.4444444444444445,266.0,0.851063829787234,0.3007518796992481,,,
MSCIC,positive_control,0.44868301544050865,816.0,0.8666666666666667,0.30269607843137253,,,,0.14940421631530706,1965.0,0.7511520737327189,0.08295165394402036,0.5138542908665312,0.8,32.0,0.7878787878787878,0.8125,0.6686390532544378,215.0,0.9186991869918699,0.5255813953488372,0.0596300617419819,0.029178008325091945,0.015292537147355532,0.47773279352226716,893.0,0.8625730994152047,0.3303471444568869,,,,0.36710353399603074,,,,,,,,,0.5386666666666667,266.0,0.926605504587156,0.37969924812030076,,,
MSCIC,ppcor,0.04285714285714286,816.0,0.75,0.022058823529411766,,,,0.00808080808080808,1965.0,0.5333333333333333,0.004071246819338422,0.11923344574484046,0.4888888888888889,32.0,0.8461538461538461,0.34375,0.05381165919282511,215.0,0.75,0.027906976744186046,0.004197313477527254,0.00822859983897714,0.004246831157547034,0.03695652173913044,893.0,0.6296296296296297,0.019036954087346025,,,,0.31044277893812594,,,,,,,,,0.08480565371024736,266.0,0.7058823529411765,0.045112781954887216,,,
MSCIC,scenic,0.387523629489603,816.0,0.8471074380165289,0.2512254901960784,,,,0.1044214487300094,1965.0,0.6894409937888198,0.05648854961832061,0.45012508858619543,0.6774193548387096,32.0,0.7,0.65625,0.5548387096774193,215.0,0.9052631578947369,0.4,0.014406274903437329,0.013420908315637164,0.00699575050374976,0.46590909090909094,893.0,0.8466076696165191,0.3213885778275476,,,,0.510687592508305,,,,,,,,,0.5106382978723405,266.0,0.8727272727272727,0.3609022556390977,,,
MSCIC,scenicplus,0.43415077202543145,816.0,0.8385964912280702,0.2928921568627451,,,,0.17906458797327393,1965.0,0.7178571428571429,0.10229007633587786,0.48479441012790336,0.7096774193548386,32.0,0.7333333333333333,0.6875,0.6111111111111112,215.0,0.908256880733945,0.4604651162790698,0.021218668026578326,0.020722821418656723,0.013456143747600013,0.5019364833462433,893.0,0.8140703517587939,0.3628219484882419,,,,0.42222204261359997,,,,,,,,,0.4728260869565218,266.0,0.8529411764705882,0.32706766917293234,,,
MSCIC,scglue,0.14872364039955605,816.0,0.788235294117647,0.0821078431372549,,,,0.041522491349480974,1965.0,0.7241379310344828,0.021374045801526718,0.21132984782278905,0.5306122448979592,32.0,0.7647058823529411,0.40625,0.217741935483871,215.0,0.8181818181818182,0.12558139534883722,0.021428211151076678,0.006832688850315442,0.0029550190776735166,0.11885245901639344,893.0,0.6987951807228916,0.06494960806270997,,,,0.176568557739817,,,,,,,,,0.21052631578947367,266.0,0.8421052631578947,0.12030075187969924,,,
MSCIC,scgpt,0.31925849639546855,816.0,1.0,0.18995098039215685,,,,0.052527254707631324,1965.0,1.0,0.02697201017811705,0.3759752780756333,0.6666666666666666,32.0,0.8947368421052632,0.53125,0.47349823321554774,215.0,0.9852941176470589,0.3116279069767442,0.009294317670331497,0.0005112829879245231,0.0015661885486165205,0.34750462107208874,893.0,0.9947089947089947,0.21052631578947367,,,,0.010373916396647753,,,,,,,,,0.39639639639639634,266.0,0.9850746268656716,0.24812030075187969,,,
MSCIC,scprint,0.07719298245614037,816.0,0.8461538461538461,0.04044117647058824,,,,0.02584493041749503,1965.0,0.5531914893617021,0.013231552162849873,0.1413245873167485,0.36363636363636365,32.0,0.6666666666666666,0.25,0.1610169491525424,215.0,0.9047619047619048,0.08837209302325581,0.003972546348253986,0.001564572672042308,0.0015563514944894226,0.1488277268093782,893.0,0.8295454545454546,0.08174692049272117,,,,0.27338125804909064,,,,,,,,,0.07142857142857142,266.0,0.7142857142857143,0.03759398496240601,,,
nakatake,geneformer,0.5523385300668152,973.0,0.9946524064171123,0.3823227132579651,,,,0.30180949129395696,2487.0,1.0,0.17772416566143948,0.616842871488682,0.9135802469135802,41.0,0.925,0.9024390243902439,0.6912181303116148,230.0,0.991869918699187,0.5304347826086957,0.18304842551813952,0.08117094559996375,0.038803431659190604,0.6493506493506493,1143.0,0.9981851179673321,0.48118985126859143,,,,,,,,,,,,0.00011350063141435385,0.5927601809954751,310.0,0.9924242424242424,0.42258064516129035,,,
nakatake,grnboost,0.4101346001583531,973.0,0.8931034482758621,0.26618705035971224,,,,0.23092926490984744,2487.0,0.8387909319899244,0.1338962605548854,0.5233318503691026,0.8863636363636364,41.0,0.8297872340425532,0.9512195121951219,0.5888888888888889,230.0,0.8153846153846154,0.4608695652173913,0.22432240694569336,0.21456276694500465,0.11533090765594704,0.5168253968253969,1143.0,0.9421296296296297,0.3560804899387577,,,,,,,,,,,,0.00014148569971439429,0.5068493150684932,310.0,0.8671875,0.3580645161290323,,,
nakatake,negative_control,0.010224948875255623,973.0,1.0,0.0051387461459403904,,,,0.0008038585209003214,2487.0,1.0,0.0004020908725371934,0.019076387269394975,0.09302325581395349,41.0,1.0,0.04878048780487805,0.008658008658008658,230.0,1.0,0.004347826086956522,0.025356143474634964,0.03235414969650873,0.028468000785414834,0.0017482517482517483,1143.0,1.0,0.0008748906386701663,,,,,,,,,,,,9.913098983815871e-05,0.0,310.0,0.0,0.0,,,
nakatake,pearson_corr,0.2291296625222025,973.0,0.8431372549019608,0.13257965056526208,,,,0.1267605633802817,2487.0,0.8104265402843602,0.06875753920386007,0.34273826282770425,0.8,41.0,0.8205128205128205,0.7804878048780488,0.39215686274509803,230.0,0.7894736842105263,0.2608695652173913,0.22223684772077992,0.22209903116132287,0.08277916882409163,0.2468021068472536,1143.0,0.8817204301075269,0.14348206474190725,,,,,,,,,,,,6.637030855927151e-05,0.2615803814713897,310.0,0.8421052631578947,0.15483870967741936,,,
nakatake,portia,0.02952755905511811,973.0,0.3488372093023256,0.015416238437821172,,,,0.01871345029239766,2487.0,0.3076923076923077,0.009650180940892641,0.06220428588187432,0.16,41.0,0.4444444444444444,0.0975609756097561,0.1297709923664122,230.0,0.53125,0.07391304347826087,0.007645497588123371,0.03391640816134023,0.031713773775676656,0.010291595197255575,1143.0,0.2608695652173913,0.005249343832020997,,,,,,,,,,,,0.00014920714602340013,0.024922118380062305,310.0,0.36363636363636365,0.012903225806451613,,,
nakatake,positive_control,0.3030821917808219,973.0,0.9076923076923077,0.18191161356628982,,,,0.15084621044885946,2487.0,0.8874458874458875,0.08242862887012464,0.3718787410817522,0.736842105263158,41.0,0.8,0.6829268292682927,0.4342105263157895,230.0,0.8918918918918919,0.28695652173913044,0.33613599474157296,0.2658495042931186,0.10471509157514314,0.28083209509658247,1143.0,0.9310344827586207,0.16535433070866143,,,,,,,,,,,,0.00011344045560690574,0.32545931758530183,310.0,0.8732394366197183,0.2,,,
nakatake,ppcor,0.022044088176352707,973.0,0.44,0.011305241521068859,,,,0.012749003984063744,2487.0,0.6956521739130435,0.006433453960595094,0.03361279557312243,0.04347826086956522,41.0,0.2,0.024390243902439025,0.04918032786885246,230.0,0.42857142857142855,0.02608695652173913,0.0023097614555678036,0.024998939319509927,0.026243474448306388,0.05564924114671163,1143.0,0.7674418604651163,0.028871391076115485,,,,,,,,,,,,9.622806101106107e-05,0.018575851393188857,310.0,0.23076923076923078,0.00967741935483871,,,
nakatake,scenic,0.45489006823351025,973.0,0.8670520231213873,0.30832476875642345,,,,0.22605099931082012,2487.0,0.7903614457831325,0.13188580619219945,0.566748930262562,0.9090909090909092,41.0,0.851063829787234,0.975609756097561,0.6928746928746929,230.0,0.7966101694915254,0.6130434782608696,0.1406087414807954,0.12929948070281805,0.0669289621075735,0.5,1143.0,0.9625935162094763,0.33770778652668415,,,,,,,,,,,,8.088772665360011e-05,0.6175869120654397,310.0,0.8435754189944135,0.4870967741935484,,,
nakatake,scgpt,0.6305418719211823,973.0,1.0,0.460431654676259,,,,0.3913324708926261,2487.0,1.0,0.243264977885002,0.6868463637420718,0.9500000000000001,41.0,0.9743589743589743,0.926829268292683,0.7733333333333333,230.0,1.0,0.6304347826086957,0.17691095728700765,0.03138802947395063,0.040183445622430015,0.7092038396386223,1143.0,1.0,0.5494313210848644,,,,,,,,,,,,0.000170309744135011,0.6666666666666666,310.0,1.0,0.5,,,
nakatake,scprint,0.32887490165224226,973.0,0.7013422818791947,0.2147995889003083,,,,0.24885993485342017,2487.0,0.6552315608919382,0.15359871330920788,0.4557738482610598,0.8372093023255814,41.0,0.8,0.8780487804878049,0.5473684210526315,230.0,0.6933333333333334,0.45217391304347826,0.06844354984181479,0.07958761792781521,0.03306510503172455,0.2186115214180207,1143.0,0.7014218009478673,0.1294838145231846,,,,,,,,,,,,0.00012345043069217354,0.5537190082644629,310.0,0.7701149425287356,0.432258064516129,,,
norman,geneformer,0.03821656050955414,152.0,0.6,0.019736842105263157,0.013490088464506457,0.054466232175444815,0.007698407374621175,0.0,267.0,0.0,0.0,0.05575214280097507,0.2962962962962963,18.0,0.4444444444444444,0.2222222222222222,0.0,72.0,0.0,0.0,0.098162149014319,0.10692887044155124,0.0666392336803466,0.0,232.0,0.0,0.0,0.06294020061290621,0.24070374018179,0.03620340807612288,,,4.032092151017121,4.1564591547300695,0.04191061457617015,0.08161823844453872,0.2003356761820496,0.051248661348896406,0.00019312171207275242,0.0,55.0,0.0,0.0,0.6349411123227917,0.04089998403851059,0.6237161405865234
norman,grnboost,0.025974025974025976,152.0,1.0,0.013157894736842105,0.019323373653888035,0.07324906757171512,0.011129716980861307,0.0,267.0,0.0,0.0,0.03750565123955683,0.1904761904761905,18.0,0.6666666666666666,0.1111111111111111,0.0,72.0,0.0,0.0,0.1667502928066712,0.22897588106361932,0.10406060599853166,0.008583690987124462,232.0,1.0,0.004310344827586207,0.07258446630978592,0.26521247305498696,0.04204587987457111,,,4.429717592130383,4.454010563986026,0.05022709730181838,0.09512054046370856,0.2334776902291028,0.05972685098884026,0.0002748323749983683,0.0,55.0,0.0,0.0,0.7832235550708834,0.10328349641623422,0.6628365793597493
norman,negative_control,0.0,152.0,0.0,0.0,0.0015910405053534298,0.003069583197197021,0.0010738117898321734,0.0,267.0,0.0,0.0,0.0,0.0,18.0,0.0,0.0,0.0,72.0,0.0,0.0,0.01965438983222916,0.06859870869897194,0.05432551368178747,0.0,232.0,0.0,0.0,0.008208551321083292,0.015844413015114266,0.0055391037369911635,,,1.3957922134735534,0.37921340748871,0.005763752579866373,0.013661663520756597,0.022290082586497607,0.009849106259150104,0.00011934137728530914,0.0,55.0,0.0,0.0,0.5013184296619411,0.03460811156660796,0.4981752854264607
norman,pearson_corr,0.0,152.0,0.0,0.0,0.013148038863627746,0.04984024034351912,0.007572898709439302,0.0,267.0,0.0,0.0,0.0303030303030303,0.1818181818181818,18.0,0.5,0.1111111111111111,0.0,72.0,0.0,0.0,0.09956921595631273,0.18758414803341333,0.0812206728768066,0.0,232.0,0.0,0.0,0.06160445152465432,0.22509318826316,0.035685505456354634,,,5.615644363517291,5.6153640959701,0.03968931144141046,0.07072018151863166,0.1735859000911868,0.04440569537216406,0.00019008323215530254,0.0,55.0,0.0,0.0,0.7393936750272628,0.0820684591836023,0.6158052384150436
norman,portia,0.025974025974025976,152.0,1.0,0.013157894736842105,0.00942490607415907,0.035726969536928575,0.0054284794702753655,0.007462686567164179,267.0,1.0,0.003745318352059925,0.05677445731485877,0.27272727272727276,18.0,0.75,0.16666666666666666,0.0,72.0,0.0,0.0,0.0765732022557504,0.1068825017760489,0.07909599908142377,0.0,232.0,0.0,0.0,0.024666450037110585,0.09012741359713483,0.014288492399545768,,,3.936008545926462,3.9194142878320295,0.020724593843867312,0.04898539541149981,0.12023687964640861,0.030758271537453367,0.00018735011508397292,0.034482758620689655,55.0,0.3333333333333333,0.01818181818181818,0.47959760087241005,0.04810525296188936,0.494850458920976
norman,positive_control,0.025974025974025976,152.0,1.0,0.013157894736842105,0.019083672114733604,0.08060340458986165,0.010823071994398387,0.0,267.0,0.0,0.0,0.017696598176050234,0.0,18.0,0.0,0.0,0.0273972602739726,72.0,1.0,0.013888888888888888,0.12131020518130126,0.1472139058980923,0.06826781031021259,0.017094017094017096,232.0,1.0,0.008620689655172414,0.07907695237666806,0.3174374802549104,0.045163869141958794,,,3.6285612912722045,2.796363620824459,0.05356591588350616,0.1016752714819822,0.2590298582993356,0.06325147702658195,0.00014237001596484333,0.03571428571428572,55.0,1.0,0.01818181818181818,0.7624721919302072,0.060041989164811654,0.6174387732258787
norman,ppcor,0.0,152.0,0.0,0.0,0.008217304485033602,0.031149317001406444,0.004732935092086492,0.0,267.0,0.0,0.0,0.03174603174603175,0.1904761904761905,18.0,0.6666666666666666,0.1111111111111111,0.0,72.0,0.0,0.0,0.07935307668998566,0.13107833802427876,0.07545677613136152,0.0,232.0,0.0,0.0,0.02436084193171375,0.08901076859664639,0.014111463314102474,,,4.184448450904651,4.247171294545007,0.01842913331852898,0.037303180138264426,0.09156235124846725,0.02342292706356138,0.0003153531579300761,0.0,55.0,0.0,0.0,0.5226226826608507,0.04665878444876914,0.5262028206850236
norman,scenic,0.013071895424836602,152.0,1.0,0.006578947368421052,0.023329783876760112,0.11170017734933628,0.013025109019533914,0.007462686567164179,267.0,1.0,0.003745318352059925,0.03947258707181204,0.1818181818181818,18.0,0.5,0.1111111111111111,0.0,72.0,0.0,0.0,0.218693916065983,0.10191554120375453,0.06089156639172502,0.0,232.0,0.0,0.0,0.09650326431780656,0.4575585808171864,0.053939832697960995,,,2.2120647213197895,2.167085231566178,0.06880900151903595,0.14844517207587601,0.4101774491570258,0.09062059923236618,0.00020452641911106184,0.034482758620689655,55.0,0.3333333333333333,0.01818181818181818,0.5227557251908397,0.20089792721543823,0.5076715916722632
norman,scgpt,0.0,152.0,0.0,0.0,0.007788574625405955,0.056374444907700244,0.0041832626963311135,0.0,267.0,0.0,0.0,0.05797101449275363,0.3478260869565218,18.0,0.8,0.2222222222222222,0.0,72.0,0.0,0.0,0.12258375742267684,0.12832356112032875,0.06577263479119683,0.0,232.0,0.0,0.0,0.05115599168853204,0.3401873447287381,0.02765750770152342,,,1.7856843539073766,1.4889505103283502,0.02958111945275791,0.04503771544278165,0.17148976264751475,0.025922871097880135,0.00010969685899908654,0.0,55.0,0.0,0.0,0.5825703380588877,0.03962440757246299,0.6000653682561004
norman,scprint,0.12048192771084337,152.0,0.7142857142857143,0.06578947368421052,0.020327213677427822,0.08585573145334645,0.011528331431898109,0.02222222222222222,267.0,1.0,0.011235955056179775,0.11411617239845308,0.25,18.0,0.5,0.16666666666666666,0.12345679012345681,72.0,0.5555555555555556,0.06944444444444445,0.09798951102841284,0.1335528339736227,0.06707704734484998,0.09836065573770492,232.0,1.0,0.05172413793103448,0.08116814257316583,0.3033125327734092,0.046853155469063205,,,3.57639257296582,3.1561708534374193,0.052882622997271894,0.0863923989546799,0.212054070161487,0.054246390041310634,0.00019964177772635594,0.07017543859649122,55.0,1.0,0.03636363636363636,0.6643478735005452,0.06192652803738638,0.6052057309156034
op,celloracle,0.4957264957264957,389.0,0.7397959183673469,0.37275064267352187,0.058590531825837316,0.06456915752235133,0.05362523251856297,0.21407907425265188,911.0,0.8809523809523809,0.12184412733260154,0.5360599233318507,0.7391304347826089,21.0,0.68,0.8095238095238095,0.7128712871287128,109.0,0.7741935483870968,0.6605504587155964,0.5031104641587609,0.3886521189293531,0.2595731563413993,0.5276705276705278,555.0,0.9234234234234234,0.36936936936936937,0.10336201866637747,0.10336201866637747,0.10336201866637747,0.5133255520702433,0.0500940708494793,,,0.10935966059924489,0.17587053326576277,0.189060823260695,0.1644007158788652,0.6433889269828796,0.5268817204301076,107.0,0.620253164556962,0.45794392523364486,,,
op,figr,0.11483253588516745,389.0,0.8275862068965517,0.061696658097686374,0.015528695829340593,0.017308025559785868,0.014081105540164776,0.04077253218884121,911.0,0.9047619047619048,0.020856201975850714,0.20023827683696105,0.5500000000000002,21.0,0.5789473684210527,0.5238095238095238,0.3404255319148936,109.0,0.75,0.22018348623853212,0.4049731076100814,0.3722840078177405,0.2717362690892515,0.03873239436619718,555.0,0.8461538461538461,0.01981981981981982,0.08998003233838472,0.09407003380831132,0.08623086432428535,0.3973502915649081,0.03417650381191667,,,0.04222487458884375,0.06393274820265124,0.0717083527137845,0.05767845761760928,0.5662499368190765,0.11666666666666665,107.0,0.5384615384615384,0.06542056074766354,,,
op,geneformer,0.36598890942698703,389.0,0.6513157894736842,0.2544987146529563,0.040897705446818026,0.04850658087878418,0.035352253860808806,0.20884289746001883,911.0,0.7302631578947368,0.12184412733260154,0.42151883496961323,0.7037037037037038,21.0,0.5757575757575758,0.9047619047619048,0.5792349726775957,109.0,0.7162162162162162,0.48623853211009177,0.3999720543021178,0.3115266770518208,0.2495105995219768,0.28245363766048504,555.0,0.678082191780822,0.1783783783783784,0.14783211265287574,0.15455175413709735,0.14167244129233925,0.6043631360008563,0.0317329767653302,,,0.07306507266183411,0.09452022385614667,0.1044697211041621,0.08630107395561216,0.5390567779541016,0.38888888888888884,107.0,0.4794520547945205,0.32710280373831774,,,
op,granie,0.10551558752997602,389.0,0.7857142857142857,0.056555269922879174,0.020633798013025416,0.05379525910538769,0.012764976736871655,0.06947368421052631,911.0,0.8461538461538461,0.036223929747530186,0.17256578729160968,0.4242424242424242,21.0,0.5833333333333334,0.3333333333333333,0.22222222222222224,109.0,0.8235294117647058,0.12844036697247707,0.1326151521970907,0.17208177978149358,0.19206345167214312,0.14497528830313014,555.0,0.8461538461538461,0.07927927927927927,0.0,-0.04749610534201944,-0.0197900438925081,0.2310885697600739,0.010394222461913735,,,0.025531208640971075,0.046223940275555424,0.1412398175086416,0.027633877338647268,0.48720601201057434,0.06896551724137931,107.0,0.4444444444444444,0.037383177570093455,,,
op,grnboost,0.5900151285930408,389.0,0.7169117647058824,0.5012853470437018,0.05321895687592519,0.059316962351291615,0.048257867675627085,0.36099230111206154,911.0,0.8178294573643411,0.23161361141602635,0.6016156531091249,0.6785714285714285,21.0,0.5428571428571428,0.9047619047619048,0.7445887445887446,109.0,0.7049180327868853,0.7889908256880734,0.5805092023112378,0.5491770850757267,0.3070790854986443,0.6613636363636364,555.0,0.8953846153846153,0.5243243243243243,0.22391697668557928,0.22391697668557928,0.22391697668557928,0.6506283836572473,0.08107153065553899,,,0.10710837199065193,0.14512115409978513,0.1652768699469775,0.12934711561067805,0.6827670335769653,0.5741626794258373,107.0,0.5882352941176471,0.5607476635514018,,,
op,negative_control,0.0,389.0,0.0,0.0,0.0,-0.00026658814590721627,-4.066598835872789e-05,0.0,911.0,0.0,0.0,0.0030303030303030307,0.0,21.0,0.0,0.0,0.018181818181818184,109.0,1.0,0.009174311926605505,0.19467005799657167,0.24579259171993928,0.22622725557589435,0.0,555.0,0.0,0.0,0.0,-0.03574231627569217,-0.008935579068923042,0.23567532927916987,0.004445673326841342,,,0.0,0.0,-0.006402357023232261,-0.0011134533953447408,0.5035481005907059,0.0,107.0,0.0,0.0,,,
op,pearson_corr,0.36742424242424243,389.0,0.697841726618705,0.2493573264781491,0.029818094228831513,0.04328433033217477,0.02274261424232912,0.23120300751879697,911.0,0.803921568627451,0.1350164654226125,0.41861942903517474,0.6521739130434783,21.0,0.6,0.7142857142857143,0.5824175824175825,109.0,0.726027397260274,0.48623853211009177,0.7123079149607997,0.45796680069312595,0.2563183295751374,0.23802163833075735,555.0,0.8369565217391305,0.13873873873873874,0.1239169460549332,0.14456977039742208,0.10842732779806656,0.40420018007983505,0.08963825949527879,,,0.031229698142362827,0.008180481849575922,0.013049816283847307,0.005957524825234638,0.6986576914787292,0.44047619047619047,107.0,0.6065573770491803,0.34579439252336447,,,
op,portia,0.39051094890510946,389.0,0.6729559748427673,0.2750642673521851,0.025202588873791093,0.027179262510951173,0.02349393878065271,0.22407407407407406,911.0,0.7159763313609467,0.132821075740944,0.4156189862662632,0.6,21.0,0.46153846153846156,0.8571428571428571,0.6113989637305699,109.0,0.7023809523809523,0.5412844036697247,0.3450763039772093,0.45459215277545995,0.283620166504247,0.30409356725146197,555.0,0.8062015503875969,0.1873873873873874,0.07765248084569165,0.07765248084569165,0.07765248084569165,0.7004458750214769,0.060742242846025,,,0.02396660278255332,0.008305810222361487,0.008928745989038594,0.007764126946990091,0.5293155461549759,0.36363636363636365,107.0,0.463768115942029,0.29906542056074764,,,
op,positive_control,0.4525547445255474,389.0,0.779874213836478,0.31876606683804626,0.03352539742864099,0.05797099972035837,0.02358142361506103,0.19980970504281637,911.0,0.75,0.11525795828759605,0.48142839571325796,0.6341463414634146,21.0,0.65,0.6190476190476191,0.6391752577319587,109.0,0.7294117647058823,0.5688073394495413,0.8217610226661437,0.5054292952515316,0.2704839272888232,0.5198463508322663,555.0,0.8982300884955752,0.36576576576576575,0.12178122579078783,0.18267183868618173,0.09133591934309086,0.36744493511352977,0.13435451847169294,,,0.04085245882157721,0.028829194515806834,0.05341880160281854,0.01974173102712859,0.7222953140735626,0.44303797468354433,107.0,0.6862745098039216,0.32710280373831774,,,
op,ppcor,0.06372549019607843,389.0,0.6842105263157895,0.033419023136246784,0.0177447345088476,0.019136478391894467,0.016541701660790137,0.01515151515151515,911.0,0.5384615384615384,0.007683863885839737,0.12676995751856057,0.47058823529411764,21.0,0.6153846153846154,0.38095238095238093,0.08196721311475409,109.0,0.38461538461538464,0.045871559633027525,0.1839003920639305,0.2453202705562999,0.21914469402782424,0.07876712328767123,555.0,0.7931034482758621,0.04144144144144144,0.05037233925892139,0.05037233925892139,0.05037233925892139,0.3687551946478779,0.014369572435260205,,,0.0061825374680813715,0.0,-0.02170784128102911,-0.018876383722634008,0.4914512187242508,0.05042016806722689,107.0,0.25,0.028037383177570093,,,
op,scenic,0.4350877192982456,389.0,0.6850828729281768,0.31876606683804626,0.0531649533626782,0.0713929373727393,0.04235174250925213,0.13004926108374384,911.0,0.6346153846153846,0.07244785949506037,0.47344409591606523,0.64,21.0,0.5517241379310345,0.7619047619047619,0.6428571428571428,109.0,0.7241379310344828,0.5779816513761468,0.4802033230691122,0.4358440256484895,0.26867935790944186,0.5518102372034956,555.0,0.8983739837398373,0.3981981981981982,0.20140356398897974,0.2517544549862247,0.16783630332414978,0.59967327792281,0.027888510968923166,,,0.08985295882774028,0.10768687028360374,0.13640336902589806,0.08895871892993353,0.5844590067863464,0.44086021505376344,107.0,0.5189873417721519,0.38317757009345793,,,
op,scenicplus,0.4878892733564014,389.0,0.746031746031746,0.36246786632390743,0.0243016802093846,0.03870267588901991,0.01771139405090742,0.25323475046210725,911.0,0.8011695906432749,0.150384193194292,0.5141723627696179,0.5925925925925926,21.0,0.48484848484848486,0.7619047619047619,0.7121951219512195,109.0,0.7604166666666666,0.6697247706422018,0.4193966267509431,0.513384684267729,0.31121719738800313,0.561849710982659,555.0,0.7838709677419354,0.43783783783783786,0.07506291535552215,0.10187109941106577,0.059424807989788365,0.5394246231855162,0.0475003025662609,,,0.03620158764424983,0.04104077834456581,0.05548105220654267,0.0325649654255794,0.634457916021347,0.47727272727272724,107.0,0.6086956521739131,0.3925233644859813,,,
op,scglue,0.10426540284360189,389.0,0.6666666666666666,0.056555269922879174,0.0429346979360367,0.16219774775836082,0.024742029319071997,0.01945945945945946,911.0,0.6428571428571429,0.009879253567508232,0.16670277252972499,0.4,21.0,0.6666666666666666,0.2857142857142857,0.14634146341463414,109.0,0.6428571428571429,0.08256880733944955,0.4051368010953396,0.28037335605290903,0.22976851696696213,0.16091954022988506,555.0,0.9074074074074074,0.08828828828828829,0.35274486340956085,0.7054897268191217,0.23516324227304056,0.12763199696319877,0.006527514693889923,,,0.07896513527026415,0.04853402719370995,0.2103141178394098,0.027432276239923014,0.5826730132102966,0.16923076923076924,107.0,0.4782608695652174,0.102803738317757,,,
op,scgpt,0.5016393442622951,389.0,0.6923076923076923,0.39331619537275064,0.0,-0.39317884861163443,-0.026656193126212504,0.14257425742574256,911.0,0.7272727272727273,0.07903402854006586,0.5055414683244019,0.6976744186046512,21.0,0.6818181818181818,0.7142857142857143,0.6732673267326733,109.0,0.7311827956989247,0.6238532110091743,0.5001386388510839,0.1847004903468713,0.23185942204458398,0.5640394088669951,555.0,0.8910505836575876,0.4126126126126126,0.009693264579909383,0.06300621976941098,0.005250518314117582,0.13507247373744474,0.026693507103628077,,,0.0,0.002994884838956552,0.035938618067478625,0.0015625486116295055,0.5767775475978851,0.4540540540540541,107.0,0.5384615384615384,0.3925233644859813,,,
op,scprint,0.41843971631205673,389.0,0.6742857142857143,0.3033419023136247,0.0,-0.07043171946923257,-0.010743821613950731,0.18268315889628925,911.0,0.6857142857142857,0.10537870472008781,0.47936442254323625,0.6792452830188678,21.0,0.5625,0.8571428571428571,0.6598984771573604,109.0,0.7386363636363636,0.5963302752293578,0.33385002947848047,0.29224061587491373,0.247712566047848,0.5006257822277848,555.0,0.819672131147541,0.36036036036036034,0.0,-0.6430142284755229,-0.10716903807925382,0.251797866805627,0.013619839541002167,,,0.0,0.0,-0.2903349232016709,-0.044181401356776014,0.5848055183887482,0.4352941176470588,107.0,0.5873015873015873,0.34579439252336447,,,
parsebioscience,geneformer,0.1592279855247286,763.0,1.0,0.08650065530799476,0.05560033963173144,0.10061013838122831,0.038414780109196266,0.07436787307882996,1942.0,1.0,0.038619979402677654,0.2508694771355246,0.7105263157894737,49.0,1.0,0.5510204081632653,0.28289473684210525,261.0,1.0,0.16475095785440613,0.8671461205516583,0.39894067030790803,0.3422205811605385,0.10755148741418764,827.0,1.0,0.056831922611850064,0.11802717312306224,0.23605434624612448,0.0786847820820415,0.6266033416731595,0.09388067412687175,,,0.08790352542018225,0.120262186623316,0.2906336176730136,0.07581746547991661,0.736892580986023,0.1706484641638225,268.0,1.0,0.09328358208955224,,,
parsebioscience,grnboost,0.35957446808510635,763.0,0.9548022598870056,0.2214941022280472,0.060970171679182956,0.07240207886902976,0.05265605735929437,0.1870967741935484,1942.0,0.8903508771929824,0.10453141091658084,0.449108097702511,0.8470588235294119,49.0,1.0,0.7346938775510204,0.5141242937853107,261.0,0.978494623655914,0.3486590038314176,0.7739212658754189,0.7360430175451549,0.5094883147389492,0.39626168224299063,827.0,0.8724279835390947,0.25634824667472794,0.13014192245160752,0.1626774030645094,0.10845160204300625,0.6749847627705379,0.14739892771256585,,,0.10181795121736749,0.145390660597764,0.2120280467050725,0.11062332871569,0.7418504655361176,0.3905325443786982,268.0,0.9428571428571428,0.2462686567164179,,,
parsebioscience,negative_control,0.002617801047120419,763.0,1.0,0.001310615989515072,0.0,-0.004460242488762654,-0.0005676672258425197,0.0,1942.0,0.0,0.0,0.0004363001745200698,0.0,49.0,0.0,0.0,0.0,261.0,0.0,0.0,0.20836808951919508,0.26539573067134914,0.305714075337582,0.0,827.0,0.0,0.0,0.0038391638972089643,0.009597909743022411,0.0023994774357556027,0.32249484443566667,0.005078725846171324,,,0.0,0.0,-0.001077471525814095,-0.0001873863523154948,0.5433128923177719,0.0,268.0,0.0,0.0,,,
parsebioscience,pearson_corr,0.18116805721096543,763.0,1.0,0.09960681520314547,0.0877553463734768,0.13006595980354593,0.06621539771816885,0.08177339901477831,1942.0,0.9431818181818182,0.0427394438722966,0.21576143836232894,0.39344262295081966,49.0,1.0,0.24489795918367346,0.3470031545741325,261.0,0.9821428571428571,0.210727969348659,0.8861352244150927,0.7912277671788539,0.4140859552334487,0.16574585635359115,827.0,0.9615384615384616,0.09068923821039904,0.16175411788588173,0.2195234457022681,0.12805534332632304,0.486009178056241,0.13141514207286506,,,0.09761873865963083,0.09181926136682907,0.1701356901797127,0.06287623332728513,0.7691301107406616,0.1254355400696864,268.0,0.9473684210526315,0.06716417910447761,,,
parsebioscience,portia,0.34541577825159914,763.0,0.9257142857142857,0.21231979030144169,0.06801573350818803,0.08744880022481318,0.0556492365066993,0.18408880666049954,1942.0,0.9045454545454545,0.10247167868177137,0.4199199314903556,0.7901234567901235,49.0,1.0,0.6530612244897959,0.5014245014245013,261.0,0.9777777777777777,0.3371647509578544,0.722393975414063,0.683917212272649,0.5197789831742253,0.3462282398452611,827.0,0.8647342995169082,0.21644498186215236,0.12519981475335154,0.15649976844168942,0.10433317896112627,0.7704878607034511,0.11013367259315185,,,0.10380679042578801,0.14236027500951062,0.22709853394374316,0.1036754176699697,0.706074982881546,0.3522388059701492,268.0,0.8805970149253731,0.22014925373134328,,,
parsebioscience,positive_control,0.18333333333333332,763.0,1.0,0.10091743119266056,0.09397672382919624,0.13928692996113012,0.07090970979839352,0.07893438579181056,1942.0,0.9411764705882353,0.0411946446961895,0.2192921927392366,0.36666666666666664,49.0,1.0,0.22448979591836735,0.367601246105919,261.0,0.9833333333333333,0.2260536398467433,0.8870913196095571,0.7929008994954866,0.41498427294582296,0.16168327796234772,827.0,0.9605263157894737,0.08827085852478839,0.16180160306894129,0.2195878898792775,0.12809293576291186,0.4815776334394662,0.13167409409237915,,,0.10257536912938738,0.09636937545503126,0.1785667839313814,0.06599207232246705,0.7729812264442444,0.15753424657534246,268.0,0.9583333333333334,0.08582089552238806,,,
parsebioscience,ppcor,0.005221932114882507,763.0,0.6666666666666666,0.002621231979030144,0.0,-0.0008456654113336923,-0.0005689021858063041,0.0010293360782295418,1942.0,1.0,0.0005149330587023687,0.014515864329559133,0.07843137254901959,49.0,1.0,0.04081632653061224,0.0,261.0,0.0,0.0,0.10362564668107412,0.20125361753406223,0.28662568512220143,0.0024125452352231607,827.0,0.5,0.0012091898428053204,0.0,-0.04206568014674793,-0.028043786764498615,0.3875262872584782,0.006543891839557564,,,0.0,0.0,-0.08421733424430537,-0.042108667122152686,0.5438349097967148,0.0,268.0,0.0,0.0,,,
parsebioscience,scenic,0.11547911547911546,763.0,0.9215686274509803,0.061598951507208385,0.06490141144388145,0.12169014645727776,0.04425096234810099,0.06284289276807982,1942.0,1.0,0.03244078269824923,0.25160849216373876,0.6756756756756758,49.0,1.0,0.5102040816326531,0.29411764705882354,261.0,1.0,0.1724137931034483,0.7119245155606159,0.4031026632687845,0.31984555106075496,0.15555555555555553,827.0,0.958904109589041,0.08464328899637243,0.16001443982241148,0.27202454769809953,0.11334356154087481,0.4563141694537605,0.03290876902037175,,,0.11375664523462353,0.1641389143615795,0.31801914657556035,0.11061535533062967,0.69991534948349,0.2059800664451827,268.0,0.9393939393939394,0.11567164179104478,,,
parsebioscience,scgpt,0.2273781902552204,763.0,0.98989898989899,0.12844036697247707,0.03225378818669571,0.11468013577491806,0.018765840399532052,0.07050645481628601,1942.0,0.9861111111111112,0.036560247167868175,0.3179222130412129,0.7901234567901235,49.0,1.0,0.6530612244897959,0.3636363636363636,261.0,1.0,0.2222222222222222,0.6961212121451101,0.3060733969863895,0.39338464814670526,0.18579234972677594,827.0,0.9659090909090909,0.10278113663845223,0.005276430274975929,0.01846750596241575,0.003077917660402625,0.23073031490843982,0.07679749302280157,,,0.02974128338547094,0.032892472084921395,0.11101209328660969,0.019306451006366906,0.7223198115825653,0.270096463022508,268.0,0.9767441860465116,0.15671641791044777,,,
parsebioscience,scprint,0.26047565118912797,763.0,0.9583333333333334,0.15072083879423329,0.0,-0.01391316232421887,-0.0012648329385653518,0.1360153256704981,1942.0,0.9726027397260274,0.07312049433573635,0.3399175319180183,0.7901234567901235,49.0,1.0,0.6530612244897959,0.4204204204204204,261.0,0.9722222222222222,0.2681992337164751,0.46656926132123405,0.3365539472940918,0.3475251865863268,0.19870410367170627,827.0,0.9292929292929293,0.11124546553808948,0.0,0.0,0.0,0.2825401853343704,0.01466300719566125,,,0.0027877605561285267,0.010077588489896223,0.05139570129847074,0.0055864892715729066,0.6849451065063477,0.23376623376623376,268.0,0.9,0.13432835820895522,,,
replogle,geneformer,0.30815709969788524,279.0,0.9807692307692307,0.1827956989247312,0.009425498090858932,0.10469035379489743,0.004934898832082707,0.16113744075829384,580.0,0.9622641509433962,0.08793103448275862,0.3928436456042936,0.7777777777777778,11.0,1.0,0.6363636363636364,0.3516483516483517,73.0,0.8888888888888888,0.2191780821917808,0.2148600005425089,0.03877709089472922,0.0479609118743255,0.5057096247960848,458.0,1.0,0.3384279475982533,0.024437232686229386,0.24343243329743885,0.012864315580758965,,0.11912893158382437,4.236749582251549,2.9924822346291284,0.017938258977156733,0.029483786647924247,0.173217246556555,0.016113232237819065,3.4333268672526174e-07,0.25263157894736843,81.0,0.8571428571428571,0.14814814814814814,0.6283814585908529,0.06405300222922307,0.5849402155720694
replogle,grnboost,0.40384615384615385,279.0,0.6131386861313869,0.3010752688172043,0.024853377703559026,0.03043023318826008,0.0210040330087317,0.19452054794520546,580.0,0.47333333333333333,0.12241379310344827,0.4044007794924225,0.5,11.0,0.36,0.8181818181818182,0.4462809917355372,73.0,0.5625,0.3698630136986301,0.15247427417599313,0.12932542705727865,0.09872321138186999,0.5538881309686221,458.0,0.7381818181818182,0.4432314410480349,0.0,-0.024487425485403114,-0.01722083174379975,,0.17535828384617258,5.672850947279473,5.508109400646301,0.008507357950492338,0.03185467248121863,0.036070732074321085,0.028521043965742263,2.6267767339049897e-07,0.32786885245901637,81.0,0.4878048780487805,0.24691358024691357,0.6415597033374536,0.047239929120715306,0.5729744928700543
replogle,negative_control,0.0,279.0,0.0,0.0,0.0,-0.003632092142032482,-0.0008560486530042885,0.0,580.0,0.0,0.0,0.02777777777777778,0.16666666666666669,11.0,1.0,0.09090909090909091,0.0,73.0,0.0,0.0,0.015704834892708006,0.0217423251997616,0.03772494830798569,0.0,458.0,0.0,0.0,0.008958462703004346,0.021969563295463037,0.0056263515756673635,,0.003104931782948556,1.2429061449161303,0.623586460895685,0.003739947148836393,0.007191941395657142,0.014640737841159181,0.004766751855261129,1.6112129408440978e-07,0.0,81.0,0.0,0.0,0.5131095179233621,0.03476446583459913,0.5120591818973019
replogle,pearson_corr,0.34540389972144847,279.0,0.775,0.2222222222222222,0.004480047660182299,0.007357616734222464,0.0032205056412421577,0.16296296296296295,580.0,0.5789473684210527,0.09482758620689655,0.3724935417399189,0.5625,11.0,0.42857142857142855,0.8181818181818182,0.38775510204081637,73.0,0.76,0.2602739726027397,0.1849572269388614,0.11359844398262259,0.07470419400508284,0.490625,458.0,0.8626373626373627,0.34279475982532753,0.06251541441518363,0.09870854907660573,0.04574298615745144,,0.12229286066286724,8.490421380060328,7.611980811302403,0.02881379523927478,0.019832544142190395,0.031236257023949866,0.014528491639046454,8.61684483766112e-08,0.2857142857142857,81.0,0.8235294117647058,0.1728395061728395,0.65894956736712,0.04531622531981707,0.5769192608957622
replogle,portia,0.3943661971830986,279.0,0.5714285714285714,0.3010752688172043,0.008623562578660976,0.01040987196995504,0.0073605155343116424,0.19676549865229112,580.0,0.4506172839506173,0.12586206896551724,0.40747386966182564,0.5263157894736842,11.0,0.37037037037037035,0.9090909090909091,0.4462809917355372,73.0,0.5625,0.3698630136986301,0.08263144392024045,0.09428492042441676,0.07942414422428618,0.5721716514954486,458.0,0.707395498392283,0.48034934497816595,0.022546431011460775,0.027030096269421724,0.01933860546104969,,0.09840386091273848,4.29570369527632,4.342716369366498,0.02224824529676233,0.07024162506328585,0.07953831073342663,0.06289075732410478,4.027287303642879e-08,0.3089430894308943,81.0,0.4523809523809524,0.2345679012345679,0.5656264524103831,0.04435235169447746,0.5391946843408985
replogle,positive_control,0.33142857142857146,279.0,0.8169014084507042,0.2078853046594982,0.004784376739309726,0.00807602793595482,0.0033990016565466396,0.16740088105726872,580.0,0.5643564356435643,0.09827586206896552,0.37803826920848865,0.6,11.0,0.47368421052631576,0.8181818181818182,0.4,73.0,0.7407407407407407,0.273972602739726,0.19461237466539233,0.11763538272434729,0.07613977096497969,0.4865718799368088,458.0,0.88,0.33624454148471616,0.042958839867641686,0.06951521360400201,0.03108403860341553,,0.1246198525817476,7.94266718346457,7.138251913319215,0.023397876104377217,0.034311263614956844,0.05598153537177169,0.02473602725729447,6.56743850413477e-08,0.2828282828282828,81.0,0.7777777777777778,0.1728395061728395,0.6546242274412856,0.04532725961091277,0.5755995849233447
replogle,ppcor,0.0,279.0,0.0,0.0,0.0,-0.005379233668946359,-0.0038216104516756964,0.006872852233676977,580.0,1.0,0.0034482758620689655,0.06437169178477041,0.37499999999999994,11.0,0.6,0.2727272727272727,0.0,73.0,0.0,0.0,0.019419933545642195,0.019288933590935937,0.03494364651022935,0.004357298474945534,458.0,1.0,0.002183406113537118,0.0,-0.023527269237610303,-0.016832517828534198,,0.011535914037417614,-0.29548071030503104,-0.4588518562705327,0.0,0.0,-0.015665479110306548,-0.012386657901172613,3.1343103401582084e-07,0.0,81.0,0.0,0.0,0.46546699629171817,0.03278557000233441,0.47368822387360243
replogle,scenic,0.26392961876832843,279.0,0.7258064516129032,0.16129032258064516,0.034104001490256254,0.058906911664988085,0.023999112159809956,0.07062600321027288,580.0,0.5116279069767442,0.03793103448275862,0.26874795078134256,0.5,11.0,0.4117647058823529,0.6363636363636364,0.13953488372093023,73.0,0.46153846153846156,0.0821917808219178,0.06451917157064077,0.054930901855977925,0.05118264848369553,0.4528301886792453,458.0,0.8089887640449438,0.314410480349345,0.10976651252228425,0.18346688521581797,0.07830903637260524,,0.026291736742540928,2.723368395679141,2.586831396591264,0.07491297477683934,0.1194386371707411,0.1604224832587405,0.09513426332785775,1.2583534214627434e-07,0.18556701030927833,81.0,0.5625,0.1111111111111111,0.5439735475896168,0.04417196796301505,0.5264927361585325
replogle,scgpt,0.22085889570552145,279.0,0.7659574468085106,0.12903225806451613,0.0013435308549649726,0.00834539357987858,0.0007305731753429061,0.12218649517684889,580.0,0.9047619047619048,0.06551724137931035,0.30348041907873585,0.631578947368421,11.0,0.75,0.5454545454545454,0.375,73.0,0.782608695652174,0.2465753424657534,0.05684377306461334,0.030998338952305225,0.04451657058868306,0.2973451327433629,458.0,0.7850467289719626,0.18340611353711792,0.0,-0.033439113283198436,-0.0032623525154339933,,0.03757741169436238,1.0081189550529257,1.073612194406079,0.004036041650330815,0.04225415785065623,0.22300805532290788,0.023338052301234546,3.7646292838644513e-07,0.17391304347826084,81.0,0.7272727272727273,0.09876543209876543,0.5256222496909765,0.05287895501234487,0.5190604539064069
replogle,scprint,0.11949685534591195,279.0,0.48717948717948717,0.06810035842293907,0.004714268018409429,0.03152666737311305,0.002547609484696005,0.06299212598425197,580.0,0.36363636363636365,0.034482758620689655,0.16740235714824528,0.4444444444444444,11.0,0.375,0.5454545454545454,0.075,73.0,0.42857142857142855,0.0410958904109589,0.03909458172483409,0.02428555368232668,0.04062481257972941,0.19136960600375233,458.0,0.68,0.11135371179039301,0.0,-0.04200967939103843,-0.0034154210887023134,,0.019354699572716676,2.574477124186244,2.2836920292742375,0.0,0.0,-0.04135527003170603,-0.005770502795121771,6.982683942169388e-08,0.1111111111111111,81.0,0.5555555555555556,0.06172839506172839,0.519772805933251,0.04927196778828028,0.510320479346589
soundlife,geneformer,0.30666666666666664,343.0,0.6448598130841121,0.20116618075801748,0.035491701327736346,0.04801818414929035,0.028148590708204687,0.18976279650436953,682.0,0.6386554621848739,0.11143695014662756,0.37081614345162167,0.5128205128205129,15.0,0.4166666666666667,0.6666666666666666,0.49230769230769234,87.0,0.7441860465116279,0.367816091954023,0.0015245875631828606,0.0015595498042753227,0.004285051694673077,0.4040114613180516,528.0,0.8294117647058824,0.26704545454545453,0.14061115946706973,0.16404635271158133,0.12303476453368604,0.3753345567962495,,,,0.0601741937471897,0.07055338754661655,0.0893676242257143,0.058283233190683244,,0.319327731092437,81.0,0.5,0.2345679012345679,,,
soundlife,grnboost,0.5698924731182796,343.0,0.7395348837209302,0.46355685131195334,0.03413140479219933,0.03539553089561412,0.03295445979936487,0.2532544378698225,682.0,0.656441717791411,0.15689149560117302,0.5490978387380373,0.5777777777777778,15.0,0.43333333333333335,0.8666666666666667,0.6918918918918919,87.0,0.6530612244897959,0.735632183908046,0.013390174804944031,0.005257458811350056,0.006959073999317627,0.6422466422466422,528.0,0.9037800687285223,0.4981060606060606,0.11816497459340632,0.11816497459340632,0.11816497459340632,0.4425031252425481,,,,0.07440643283156535,0.11451734656499515,0.12310614755736979,0.10704882396293024,,0.5595238095238095,81.0,0.5402298850574713,0.5802469135802469,,,
soundlife,negative_control,0.005813953488372092,343.0,1.0,0.0029154518950437317,0.0,-0.000663878572245914,-0.00017169273420152944,0.0,682.0,0.0,0.0,0.009442249225711298,0.0,15.0,0.0,0.0,0.0,87.0,0.0,0.0,0.003868038317754538,1.0976793666633054e-06,0.0036589045924178146,0.003780718336483932,528.0,1.0,0.001893939393939394,0.0075383600776675035,0.015076720155335007,0.005025573385111669,0.04935435895591588,,,,0.00391966968372067,0.008346307865863491,0.018939698618690232,0.005352523522673326,,0.047058823529411764,81.0,0.5,0.024691358024691357,,,
soundlife,pearson_corr,0.5444015444015444,343.0,0.8057142857142857,0.4110787172011662,0.01703603795864215,0.019496798997112683,0.015126826808104666,0.19482120838471023,682.0,0.6124031007751938,0.1158357771260997,0.5355700098320737,0.6046511627906976,15.0,0.4642857142857143,0.8666666666666667,0.7261904761904762,87.0,0.7530864197530864,0.7011494252873564,0.01509500483671824,0.003048634828993391,0.005862507562608802,0.6155778894472361,528.0,0.914179104477612,0.4640151515151515,0.028942613269261862,0.030258186599682855,0.027736671049709283,0.3213896523804254,,,,0.05238959051799074,0.10376566155346602,0.1220772488864306,0.0902310100464922,,0.5277777777777777,81.0,0.6031746031746031,0.4691358024691358,,,
soundlife,portia,0.21377672209026127,343.0,0.5769230769230769,0.13119533527696792,0.0,-0.03332630760327242,-0.030453350051266172,0.10066225165562914,682.0,0.5205479452054794,0.05571847507331378,0.3025121378432248,0.5641025641025641,15.0,0.4583333333333333,0.7333333333333333,0.435374149659864,87.0,0.5333333333333333,0.367816091954023,0.00685088773381314,0.003327088074416822,0.004669912482186946,0.2080536912751678,528.0,0.9117647058823529,0.11742424242424243,0.0,-0.27162063930115365,-0.27162063930115365,0.4819328474615291,,,,0.0,0.0,-0.2889975187523351,-0.24501963546393632,,0.29310344827586204,81.0,0.4857142857142857,0.20987654320987653,,,
soundlife,positive_control,0.5399239543726235,343.0,0.7759562841530054,0.4139941690962099,0.038047655625693774,0.044683874630175244,0.03312770015685406,0.18592964824120603,682.0,0.6491228070175439,0.10850439882697947,0.525218323259502,0.5909090909090909,15.0,0.4482758620689655,0.8666666666666667,0.6823529411764706,87.0,0.6987951807228916,0.6666666666666666,0.015581559949717935,0.0032016603867860293,0.006056602158381835,0.6055276381909547,528.0,0.8992537313432836,0.4564393939393939,0.1660918878444925,0.17364151911015124,0.1591713925176386,0.3052320277864359,,,,0.1003385108084458,0.16257187265175907,0.19459360514377225,0.1395997602118366,,0.5466666666666666,81.0,0.5942028985507246,0.5061728395061729,,,
soundlife,ppcor,0.13404825737265416,343.0,0.8333333333333334,0.0728862973760933,0.0,-0.009786829646171393,-0.009111875877469918,0.025936599423631124,682.0,0.75,0.013196480938416423,0.16384066180951617,0.3225806451612903,15.0,0.3125,0.3333333333333333,0.1818181818181818,87.0,0.43478260869565216,0.11494252873563218,0.00787920597774901,0.0014693521745021,0.004000649349374715,0.1368421052631579,528.0,0.9285714285714286,0.07386363636363637,0.0,-0.18598662037374328,-0.18598662037374328,0.20294348919668437,,,,0.0,0.0,-0.08200205803195153,-0.07130613741908828,,0.1818181818181818,81.0,0.5,0.1111111111111111,,,
soundlife,scenic,0.3076923076923077,343.0,0.6868686868686869,0.19825072886297376,0.008180755084366489,0.011743341975945447,0.006276613814729463,0.06747638326585695,682.0,0.423728813559322,0.036656891495601175,0.37688381957557376,0.5405405405405405,15.0,0.45454545454545453,0.6666666666666666,0.5131578947368421,87.0,0.6,0.4482758620689655,0.0026511182081331765,0.0007118521093122686,0.003903005223660126,0.46478873239436624,528.0,0.9065934065934066,0.3125,0.1418416650042302,0.19249940250574102,0.11229131812834893,0.42090867168282264,,,,0.07688484001029443,0.1480443561968231,0.2049844931956012,0.11586080050186157,,0.36764705882352944,81.0,0.45454545454545453,0.30864197530864196,,,
soundlife,scgpt,0.2537313432835821,343.0,0.864406779661017,0.14868804664723032,0.0018162647625913806,0.018465358419679036,0.0009551047458454673,0.14705882352941174,682.0,0.8333333333333334,0.08064516129032258,0.3604842461181558,0.6206896551724138,15.0,0.6428571428571429,0.6,0.41071428571428575,87.0,0.92,0.26436781609195403,0.0041743850592695295,0.0005696834304656032,0.0044277063476421555,0.46808510638297873,528.0,0.9322033898305084,0.3125,0.03040260092704506,0.1064091032446577,0.017734850540776285,0.024238637926742072,,,,0.007607611213053204,0.008732709237368774,0.07131712543851165,0.004651116876424673,,0.26262626262626265,81.0,0.7222222222222222,0.16049382716049382,,,
soundlife,scprint,0.08264462809917354,343.0,0.75,0.043731778425655975,0.0,0.0,0.0,0.034090909090909095,682.0,0.5454545454545454,0.017595307917888565,0.11638382717444151,0.2222222222222222,15.0,0.6666666666666666,0.13333333333333333,0.26548672566371684,87.0,0.5769230769230769,0.1724137931034483,0.0052529617037347445,2.9588502505548733e-05,0.0035906293338402767,0.022429906542056077,528.0,0.8571428571428571,0.011363636363636364,0.0,0.0,0.0,0.14400710117563437,,,,0.0,0.0,0.0,0.0,,0.07142857142857142,81.0,1.0,0.037037037037037035,,,
soundlife_vaccine,geneformer,0.26548672566371684,368.0,0.7142857142857143,0.16304347826086957,0.04270326437896428,0.06129984725367454,0.03276371146317087,0.1552511415525114,769.0,0.6355140186915887,0.08842652795838751,0.3417214186567756,0.5365853658536585,14.0,0.4074074074074074,0.7857142857142857,0.3787878787878788,96.0,0.6944444444444444,0.2604166666666667,0.0006788268362937848,0.00033990143318519446,0.0054458191292960575,0.35450516986706054,524.0,0.7843137254901961,0.22900763358778625,0.153550204752606,0.179141905544707,0.13435642915853022,0.3921456353678265,,,,0.06721111571199594,0.07548768883710658,0.0976133907376378,0.06153887676938036,,0.35971223021582727,93.0,0.5434782608695652,0.26881720430107525,,,
soundlife_vaccine,grnboost,0.49915110356536496,368.0,0.665158371040724,0.39945652173913043,0.044978189431881886,0.04664404829972936,0.04342721738250665,0.22222222222222224,769.0,0.5515463917525774,0.13914174252275682,0.5272228607819485,0.5416666666666667,14.0,0.38235294117647056,0.9285714285714286,0.7419354838709677,96.0,0.7666666666666667,0.71875,0.011471601684946129,0.003183420623342196,0.008485304744508189,0.6118500604594922,524.0,0.834983498349835,0.48282442748091603,0.1641638908747966,0.1716258859145601,0.1573237287550134,0.4249758713579002,,,,0.05809205882440637,0.0471790339030263,0.0514130497661184,0.04358932480170908,,0.5465116279069767,93.0,0.5949367088607594,0.5053763440860215,,,
soundlife_vaccine,negative_control,0.0,368.0,0.0,0.0,0.0034410916394780997,0.008373322989396711,0.0021655145662232865,0.0,769.0,0.0,0.0,0.007017543859649124,0.0,14.0,0.0,0.0,0.0,96.0,0.0,0.0,0.006039755001076338,7.039331125490593e-06,0.005171615581047866,0.0,524.0,0.0,0.0,0.010699854328603563,0.021399708657207125,0.007133236219069042,0.053654651928090005,,,,0.007342362814914765,0.011451248055247212,0.025985524433060975,0.007343735165865059,,0.04210526315789474,93.0,1.0,0.021505376344086023,,,
soundlife_vaccine,pearson_corr,0.4560747663551401,368.0,0.7305389221556886,0.33152173913043476,0.021831177647654326,0.02498456997453773,0.019384580152658582,0.17524644030668127,769.0,0.5555555555555556,0.10403120936280884,0.4957103498262587,0.5909090909090909,14.0,0.43333333333333335,0.9285714285714286,0.7261904761904762,96.0,0.8472222222222222,0.6354166666666666,0.013846465604389584,0.00274896113427751,0.007529380231252643,0.5393548387096775,524.0,0.8326693227091634,0.3988549618320611,0.1372132490583055,0.15093457396413604,0.12577881163678004,0.32891362387964135,,,,0.06410896769753137,0.09903330381043955,0.12069683901897321,0.08396301844798133,,0.4864864864864865,93.0,0.6545454545454545,0.3870967741935484,,,
soundlife_vaccine,portia,0.2593406593406593,368.0,0.6781609195402298,0.16032608695652173,0.0,-0.06872779149123733,-0.06161801995766106,0.11751152073732718,769.0,0.5151515151515151,0.06631989596879063,0.347269548328016,0.5714285714285714,14.0,0.42857142857142855,0.8571428571428571,0.5,96.0,0.75,0.375,0.008949335361157837,0.002166176601454164,0.006503197236975965,0.3384615384615384,524.0,0.873015873015873,0.2099236641221374,0.0,-0.5286171913550988,-0.44051432612924896,0.6601542049285474,,,,0.0,0.0,-0.3138291050757025,-0.2660725021293999,,0.296875,93.0,0.5428571428571428,0.20430107526881722,,,
soundlife_vaccine,positive_control,0.5,368.0,0.7193877551020408,0.38315217391304346,0.025197906603590024,0.029206664472342977,0.02215677994453606,0.21868365180467092,769.0,0.5953757225433526,0.13394018205461639,0.5214467740290908,0.5777777777777778,14.0,0.41935483870967744,0.9285714285714286,0.7344632768361582,96.0,0.8024691358024691,0.6770833333333334,0.014995860322859048,0.0030436676531804333,0.007917872385063831,0.6044226044226044,524.0,0.8482758620689655,0.46946564885496184,0.2020560796807714,0.22226168764884857,0.18521807304070706,0.3573060441311867,,,,0.06103324501838818,0.06961189012170149,0.09001537515737262,0.056748823468778395,,0.4933333333333334,93.0,0.6491228070175439,0.3978494623655914,,,
soundlife_vaccine,ppcor,0.10473815461346633,368.0,0.6363636363636364,0.057065217391304345,0.0011326907442121116,0.0011746422532570055,0.0010936324426875554,0.027989821882951654,769.0,0.6470588235294118,0.014304291287386216,0.13955236752666253,0.3243243243243243,14.0,0.2608695652173913,0.42857142857142855,0.10909090909090909,96.0,0.42857142857142855,0.0625,0.009926793812660609,0.000413683835755695,0.005405615713295446,0.12302284710017573,524.0,0.7777777777777778,0.06679389312977099,0.0,-0.010560382264913534,-0.010560382264913534,0.19393744341887037,,,,0.0,0.0,-0.05920949588473062,-0.05148651816063531,,0.14814814814814814,93.0,0.5333333333333333,0.08602150537634409,,,
soundlife_vaccine,scenic,0.3142857142857143,368.0,0.6311475409836066,0.20923913043478262,0.0439396688756522,0.059447787302352985,0.03484870290137933,0.027194066749072935,769.0,0.275,0.014304291287386216,0.3354197153997893,0.4615384615384615,14.0,0.36,0.6428571428571429,0.4233576642335767,96.0,0.7073170731707317,0.3020833333333333,0.003425115552213457,0.0010224863943276983,0.005594785232602695,0.35661218424962854,524.0,0.8053691275167785,0.22900763358778625,0.14023156858438673,0.17528946073048346,0.11685964048698895,0.4162089538996011,,,,0.06881431035834734,0.08184118647263287,0.11621448479113869,0.06316004608214058,,0.42953020134228187,93.0,0.5714285714285714,0.34408602150537637,,,
soundlife_vaccine,scgpt,0.29345372460496616,368.0,0.8666666666666667,0.1766304347826087,0.012853556091059622,0.3791799046862589,0.006537584563556188,0.12244897959183673,769.0,0.796875,0.06631989596879063,0.34390696369247603,0.4,14.0,0.45454545454545453,0.35714285714285715,0.46875,96.0,0.9375,0.3125,0.0006906230309664268,5.9805725785818964e-05,0.005282770672792977,0.4930747922437673,524.0,0.898989898989899,0.33969465648854963,0.0,0.0,0.0,0.02550445817565531,,,,0.0063839476928190305,0.0,-0.005837975858867222,-0.00012691251867102656,,0.2857142857142857,93.0,0.8421052631578947,0.17204301075268819,,,
soundlife_vaccine,scprint,0.10309278350515463,368.0,1.0,0.05434782608695652,0.0,0.0,0.0,0.05303030303030303,769.0,0.9130434782608695,0.027308192457737322,0.1510332344454617,0.23529411764705882,14.0,0.6666666666666666,0.14285714285714285,0.4098360655737705,96.0,0.9615384615384616,0.2604166666666667,0.008285620781792694,9.598086277643841e-06,0.005183402860223585,0.022471910112359553,524.0,0.6,0.011450381679389313,0.0,0.0,0.0,0.1957009865313373,,,,0.0,0.0,0.0,0.0,,0.08247422680412372,93.0,1.0,0.043010752688172046,,,
xaira_HCT116,geneformer,0.3474285714285715,723.0,1.0,0.21023513139695713,0.0074961461868052305,0.028110548200519617,0.004324699723156864,0.21780208851317753,1792.0,1.0,0.12220982142857142,0.4266190850085636,0.6779661016949152,39.0,1.0,0.5128205128205128,0.408695652173913,183.0,1.0,0.2568306010928962,0.1367452655825888,0.030274168644728285,0.0215802425926612,0.5805493689680772,956.0,1.0,0.4089958158995816,0.08791972608466607,0.24177924673283174,0.05372872149618483,,0.013599897872281124,3.3371788349357505,2.39146440049428,0.0690005982493893,0.11382688600537813,0.32250951034857134,0.06910918078897957,2.2937854282645276e-08,0.32727272727272727,230.0,1.0,0.1956521739130435,0.592544990235842,0.12293317389617997,0.6110350142012385
xaira_HCT116,grnboost,0.6246624662466247,723.0,0.8943298969072165,0.47994467496542187,0.09341579315554034,0.09730811787035454,0.08982287803417342,0.3792645104120514,1792.0,0.9204301075268817,0.23883928571428573,0.6782210031255258,0.8947368421052632,39.0,0.918918918918919,0.8717948717948718,0.7243589743589745,183.0,0.875968992248062,0.6174863387978142,0.11159541931503877,0.11460478849960178,0.05506319797653127,0.7548138639281129,956.0,0.9767441860465116,0.6150627615062761,0.1578075250520729,0.19725940631509112,0.1315062708767274,,0.039887861452051185,6.0252784380844435,5.636951191194088,0.1429340084202735,0.17662820373161167,0.17662820373161167,0.17662820373161167,3.8345655539728796e-09,0.6914893617021277,230.0,0.8904109589041096,0.5652173913043478,0.6133799008562415,0.07580448182983937,0.6093990780835312
xaira_HCT116,negative_control,0.0027624309392265197,723.0,1.0,0.0013831258644536654,0.0,-0.0017327861377108983,-0.0001332912413623768,0.0011154489682097043,1792.0,1.0,0.0005580357142857143,0.018349477362533496,0.09756097560975609,39.0,1.0,0.05128205128205128,0.0,183.0,0.0,0.0,0.003084279223021673,0.010230158838663208,0.011610739178606905,0.0,956.0,0.0,0.0,0.0,-0.005233962997960818,-0.0011631028884357374,,6.125436184134659e-05,0.8065906614107266,0.9168420100072825,0.0,0.0,-0.0013163742084293893,-0.00018805345834705563,2.11099777658319e-08,0.008658008658008658,230.0,1.0,0.004347826086956522,0.5266931050022533,0.030593582607365857,0.5209912930111282
xaira_HCT116,pearson_corr,0.5170340681362726,723.0,0.9381818181818182,0.35684647302904565,0.01365869017180768,0.01669395465443161,0.011557353222298807,0.2570048309178744,1792.0,0.9568345323741008,0.1484375,0.5672790242396034,0.8055555555555556,39.0,0.8787878787878788,0.7435897435897436,0.6263345195729537,183.0,0.8979591836734694,0.4808743169398907,0.13528051630988283,0.09302718843636887,0.03699343140510607,0.6418539325842697,956.0,0.9764957264957265,0.4780334728033473,0.24007603134569017,0.3361064438839662,0.18672580215775902,,0.024378829863985877,8.777533280044175,7.091297484181737,0.09546511097074481,0.07764330287908515,0.09317196345490217,0.06655140246778726,3.1987825721557783e-09,0.5558912386706949,230.0,0.9108910891089109,0.4,0.6192457563467028,0.0779741227802483,0.6430236532104111
xaira_HCT116,portia,0.5632183908045977,723.0,0.9158878504672897,0.4066390041493776,0.07925334110189072,0.09114134226717432,0.07010872482090333,0.4100781928757602,1792.0,0.9254901960784314,0.26339285714285715,0.6567370687954336,0.8641975308641975,39.0,0.8333333333333334,0.8974358974358975,0.7156549520766773,183.0,0.8615384615384616,0.6120218579234973,0.08052901942544832,0.09385696503051212,0.04175625280207928,0.7393860222077073,956.0,0.9843478260869565,0.5920502092050209,0.1620630256059801,0.26335241660971764,0.11704551849320784,,0.017829694382616848,5.1845569122225,4.506229308343751,0.12937258439967947,0.1481127400818154,0.16045546842196667,0.1375332586474,8.004904117342448e-08,0.647887323943662,230.0,0.92,0.5,0.5983488057683641,0.08778824458003776,0.6029620989896167
xaira_HCT116,positive_control,0.5253731343283582,723.0,0.9361702127659575,0.3651452282157676,0.022832410892292314,0.02790627997946838,0.01931973229347811,0.27769852591535904,1792.0,0.9389067524115756,0.16294642857142858,0.5750916648626266,0.8,39.0,0.9032258064516129,0.717948717948718,0.6058394160583942,183.0,0.9120879120879121,0.453551912568306,0.13792822684022993,0.09606770639506619,0.03977526695157335,0.662534435261708,956.0,0.969758064516129,0.5031380753138075,0.17681801408041936,0.24754521971258708,0.1375251220625484,,0.030542882515520835,9.52753992142395,7.554514619489854,0.07425212878194147,0.0554245389030065,0.0665094466836078,0.04750674763114843,4.3431917617908766e-08,0.5791044776119403,230.0,0.9238095238095239,0.4217391304347826,0.6141928796755295,0.07742688915727834,0.6416475299157238
xaira_HCT116,ppcor,0.0,723.0,0.0,0.0,0.0,-0.033791929753068,-0.033791929753068,0.0,1792.0,0.0,0.0,0.0,0.0,39.0,0.0,0.0,0.0,183.0,0.0,0.0,0.00013267522364089198,0.007316539804922061,0.010740076195898368,0.0,956.0,0.0,0.0,0.0,-0.2719023929983684,-0.24169101599854967,,2.2359626735928e-05,-12.879228096441338,-12.799804826722749,0.0,0.0,-0.08049251004470327,-0.08049251004470327,0.0,0.0,230.0,0.0,0.0,0.3307510890791648,0.008236703681064312,0.42634050379475713
xaira_HCT116,scenic,0.518095238095238,723.0,0.8318042813455657,0.37621023513139695,0.048498088177919875,0.05927544110634651,0.04103684384285528,0.2144955925563173,1792.0,0.876,0.12220982142857142,0.5774306624520379,0.8918918918918919,39.0,0.9428571428571428,0.8461538461538461,0.6066666666666667,183.0,0.7777777777777778,0.4972677595628415,0.057645215891493025,0.05628803460283226,0.024908918556011992,0.5685131195335276,956.0,0.9375,0.40794979079497906,0.1501170379324739,0.21016385310546348,0.11675769616970191,,0.008258475385770587,5.522046400699899,5.024246580449722,0.11464282970678272,0.15053896986562273,0.16308388402109128,0.13978618630379253,6.094575155657367e-08,0.6649214659685865,230.0,0.8355263157894737,0.5521739130434783,0.5610019528316058,0.07290703343056187,0.55610238860176
xaira_HCT116,scgpt,0.5896946564885496,723.0,0.9507692307692308,0.42738589211618255,0.0,-0.036177538795339845,-0.0027828875996415265,0.41081552551242917,1792.0,0.9401197604790419,0.26283482142857145,0.6417255512877534,0.8611111111111112,39.0,0.9393939393939394,0.7948717948717948,0.662020905923345,183.0,0.9134615384615384,0.5191256830601093,0.04362730966708652,0.03918049720565924,0.0228322742892868,0.7108753315649867,956.0,0.9710144927536232,0.5606694560669456,0.0,0.0,0.0,,0.004443355431452283,5.097686596100892,3.8382883236012884,0.0,0.0,0.0,0.0,0.0,0.6158357771260997,230.0,0.9459459459459459,0.45652173913043476,0.5467628060687998,0.06379058460016925,0.5478131955114774
xaira_HCT116,scprint,0.3271939328277357,723.0,0.755,0.20885200553250347,0.0144638144005596,0.030735605601189146,0.009457109415750507,0.2083129584352078,1792.0,0.841897233201581,0.11886160714285714,0.45726699853432917,0.7894736842105263,39.0,0.8108108108108109,0.7692307692307693,0.5223367697594502,183.0,0.7037037037037037,0.41530054644808745,0.04541639750354329,0.02915750949570302,0.019245061845560033,0.3842364532019704,956.0,0.8931297709923665,0.24476987447698745,0.03004971828717778,0.0826367252897389,0.01836371673105309,,0.011214286672646429,3.886747792041303,3.2481181380061503,0.035600001532772985,0.05819412780166238,0.11056884282315851,0.03948887243684233,6.325046086885777e-08,0.5120481927710843,230.0,0.8333333333333334,0.3695652173913043,0.5413008862851134,0.05074437743633711,0.5378076081389394
xaira_HEK293T,geneformer,0.32749999999999996,669.0,1.0,0.19581464872944693,0.004681701946825731,0.06226663589278222,0.0024322904645618054,0.25147770016120363,1626.0,0.9957446808510638,0.14391143911439114,0.4158868878640316,0.7317073170731707,26.0,1.0,0.5769230769230769,0.3412322274881517,174.0,0.972972972972973,0.20689655172413793,0.08631601885375284,0.032259235932909205,0.013911713376337873,0.5813953488372093,915.0,1.0,0.4098360655737705,0.017946922241350853,0.4453080081135181,0.009158005308247159,,0.014878624979568317,6.17906340214578,3.5001792969170302,0.01211327492601673,0.0030798672274896985,0.03310857269551426,0.0016150523266104516,0.0,0.26200873362445415,199.0,1.0,0.1507537688442211,0.6148806479113385,0.13711947994796253,0.6194007469118069
xaira_HEK293T,grnboost,0.44269662921348313,669.0,0.8914027149321267,0.2944693572496263,0.00038653052261156465,0.0004469878607636303,0.0003404790345660461,0.17839335180055405,1626.0,0.8994413407821229,0.0990159901599016,0.5295820638473757,0.8148148148148148,26.0,0.7857142857142857,0.8461538461538461,0.6175438596491228,174.0,0.7927927927927928,0.5057471264367817,0.08952931027252216,0.11662701381486038,0.03123047308994025,0.5958747135217723,915.0,0.9898477157360406,0.4262295081967213,0.010093615954158313,0.011887255026151603,0.008770288412610565,,0.030838693782792588,4.054414384581983,4.316938066068878,0.004407907587575144,0.0,-0.027724223335227678,-0.02163841821286064,0.0,0.5281690140845071,199.0,0.8823529411764706,0.3768844221105528,0.6592080136402387,0.0943283237238815,0.6064165469692617
xaira_HEK293T,negative_control,0.0,669.0,0.0,0.0,0.0,-0.005944491184217947,-0.00023220668688351355,0.0012285012285012285,1626.0,0.5,0.0006150061500615006,0.029940479183546007,0.14285714285714288,26.0,1.0,0.07692307692307693,0.011299435028248588,174.0,0.3333333333333333,0.005747126436781609,0.002353055279529518,0.010820527224705136,0.008441098114172882,0.004357298474945533,915.0,0.6666666666666666,0.002185792349726776,0.0,-0.00334677599867959,-6.882829817335918e-05,,0.00012671485219783565,-0.6588466918284576,-0.5253303067732066,0.0,0.0009743706991892704,0.004482105216270645,0.0005465981971061761,1.7553567488448607e-08,0.01990049751243781,199.0,1.0,0.010050251256281407,0.5451210571184996,0.051509499881924894,0.5124512113377382
xaira_HEK293T,pearson_corr,0.2710997442455243,669.0,0.9380530973451328,0.15844544095665172,0.01174375642387751,0.03134985825018149,0.007225162643596516,0.08430913348946135,1626.0,0.8780487804878049,0.04428044280442804,0.36604926649218766,0.744186046511628,26.0,0.9411764705882353,0.6153846153846154,0.40358744394618834,174.0,0.9183673469387755,0.25862068965517243,0.13996793146622488,0.10061610812976443,0.022222594887128334,0.430401366353544,915.0,0.984375,0.2754098360655738,0.03469549158760277,0.12278951319675044,0.02020187363648336,,0.031923323489984376,8.657144208860268,6.414721105769605,0.023410663455307887,0.0,-0.024299805529784793,-0.007112138203839455,0.0,0.2627118644067797,199.0,0.8378378378378378,0.15577889447236182,0.6897450980392157,0.11417732722114636,0.6473297902901465
xaira_HEK293T,portia,0.3972286374133949,669.0,0.8730964467005076,0.2571001494768311,0.0,-0.002238958803561407,-0.0016354894385389959,0.24548352816153027,1626.0,0.90234375,0.14206642066420663,0.5105785990618816,0.8148148148148148,26.0,0.7857142857142857,0.8461538461538461,0.6102941176470589,174.0,0.8469387755102041,0.47701149425287354,0.059864596582493185,0.10137821426884883,0.024438139830160105,0.6003016591251885,915.0,0.9683698296836983,0.4349726775956284,0.0,-0.028354818546586103,-0.019680722384519917,,0.024445099751477004,5.902759070197577,5.149496645186471,0.0,0.0,-0.024991189233542238,-0.017676694823724994,0.0,0.39534883720930236,199.0,0.864406779661017,0.2562814070351759,0.6265055413469736,0.11331023898536094,0.5865832615148904
xaira_HEK293T,positive_control,0.2570694087403599,669.0,0.9174311926605505,0.14947683109118087,0.006618545774172729,0.016973367388604253,0.0041107374144275935,0.07633587786259542,1626.0,0.8441558441558441,0.03997539975399754,0.3444524348604858,0.6666666666666667,26.0,0.875,0.5384615384615384,0.39819004524886886,174.0,0.9361702127659575,0.25287356321839083,0.14309335166203452,0.10140726457793137,0.022390211664173154,0.38879159369527144,915.0,0.9779735682819384,0.24262295081967214,0.037551566331671754,0.1311416239582998,0.021913124825936988,,0.033861443978995286,8.829220025523993,6.445701179808749,0.022701773359718846,0.0,-0.041549412568496376,-0.011147403372035616,0.0,0.2796610169491526,199.0,0.8918918918918919,0.1658291457286432,0.688541346973572,0.11290822114099693,0.6458784831944843
xaira_HEK293T,ppcor,0.002980625931445604,669.0,0.5,0.0014947683109118087,0.0,-0.015617699093711928,-0.013970519892422,0.0,1626.0,0.0,0.0,0.004057377049180327,0.0,26.0,0.0,0.0,0.011363636363636362,174.0,0.5,0.005747126436781609,0.0001247675958300967,0.007248337449698613,0.007594801236663933,0.0,915.0,0.0,0.0,0.0,-0.09909474680192466,-0.08814082877497671,,2.0136586929614876e-05,-6.847820400955253,-6.120004161296463,0.0,0.0,-0.20537069056356172,-0.1803254843972737,0.0,0.01,199.0,1.0,0.005025125628140704,0.3773239556692242,0.021701365051073947,0.44261151010246097
xaira_HEK293T,scenic,0.24242424242424243,669.0,0.7804878048780488,0.14349775784753363,0.012001284015910815,0.03295089383315865,0.007336722455039229,0.06549707602339182,1626.0,0.6666666666666666,0.03444034440344403,0.3186286774618165,0.6181818181818182,26.0,0.5862068965517241,0.6538461538461539,0.4508196721311475,174.0,0.7857142857142857,0.3160919540229885,0.039343658278315916,0.036928733011771894,0.012861950542950801,0.18503937007874013,915.0,0.9306930693069307,0.10273224043715846,0.05205087582678639,0.16470893583544732,0.0309093889871148,,0.011777248659394328,4.239407099079265,4.613380321258652,0.043620098677998896,0.15237999557743723,0.2714268671223101,0.10592267985260881,0.0,0.34980988593155893,199.0,0.71875,0.23115577889447236,0.5597084398976983,0.09750041036697418,0.5316260653069041
xaira_HEK293T,scgpt,0.502212389380531,669.0,0.9659574468085106,0.3393124065769806,9.340011784576173e-05,0.0024377430757743816,4.761216944871839e-05,0.3414141414141414,1626.0,0.9548022598870056,0.2078720787207872,0.5575692631538607,0.7755102040816326,26.0,0.8260869565217391,0.7307692307692307,0.549800796812749,174.0,0.8961038961038961,0.39655172413793105,0.03712503478933235,0.02721821876229911,0.014186099248298329,0.687589158345221,915.0,0.9897330595482546,0.526775956284153,0.004767412710618082,0.15692733505784517,0.002420473034311237,,0.00814376350092464,2.3025073088010926,2.151850865396408,0.002734421070633953,0.0,0.0,0.0,2.9444694071845134e-08,0.4888888888888889,199.0,0.9295774647887324,0.3316582914572864,0.5917911338448423,0.0837431683230402,0.5692714737144499
xaira_HEK293T,scprint,0.22336328626444155,669.0,0.7909090909090909,0.13004484304932734,0.0015843022219393715,0.010009909493162392,0.0008602265970686432,0.13808463251670378,1626.0,0.7294117647058823,0.07626076260762607,0.3384456460307404,0.6206896551724138,26.0,0.5625,0.6923076923076923,0.40816326530612246,174.0,0.704225352112676,0.28735632183908044,0.0300015399947999,0.025450416786917326,0.01073245012399969,0.2802197802197802,915.0,0.864406779661017,0.16721311475409836,0.009534000075273621,0.060959818663113154,0.005171398498413198,,0.012876373334085173,3.6156095496359217,1.7415303831320583,0.008908158647616187,0.047512636202093284,0.16290046697860555,0.027812274850005824,2.0584464266448776e-07,0.36015325670498083,199.0,0.7580645161290323,0.23618090452261306,0.5597301790281329,0.07710353776979818,0.517647323566025
