dataset,method,gs_f1,r_precision,r_recall,replicate_consistency,sem,t_rec_precision,t_rec_recall,tfb_f1,vc,ws_precision,ws_recall
300BCG,geneformer,0.5703331921113036,0.24844448706610933,0.21807312979223106,0.468418962242293,,,,0.1277691497075241,0.11019100621342659,,
300BCG,grnboost,0.5565575213625137,0.6082495600990443,0.3752381746276838,0.5398086254890125,,,,0.11285845147385659,0.1575806960463524,,
300BCG,negative_control,0.03404321865591584,0.18009113642084532,0.19419282235831506,0.11953065578792121,,,,-0.00018421799377493916,0.043769413605332375,,
300BCG,pearson_corr,0.46933925654716196,0.6154285037104308,0.2742157945197332,0.41520667754886764,,,,0.11021173787161308,0.1881796084344387,,
300BCG,portia,0.6187717604213355,0.39704830299807364,0.2668004637139772,0.5399448096504001,,,,0.10140954125781519,0.11688028462231159,,
300BCG,positive_control,0.47132965167290863,0.6211241220596152,0.2780678084374531,0.42120109136653017,,,,0.10369810999395357,0.18232648447155952,,
300BCG,ppcor,0.09822172288685645,0.17423893557956358,0.19204417099482093,0.32556023470369994,,,,0.0,0.06595838069915771,,
300BCG,scenic,0.4812894189462198,0.380182991805681,0.2747188812129653,0.5015140684431258,,,,0.11802174783734524,0.06718172691762447,,
300BCG,scgpt,0.7183018886553735,0.25610064551289774,0.23383422464254355,0.30683456263422737,,,,0.038300480691909354,0.07741069421172142,,
300BCG,scprint,0.681343333363416,0.15582997391679954,0.18910161181913127,0.35168173240907324,,,,0.0,0.0800422802567482,,
MSCIC,celloracle,0.5194065130985177,0.015133213020372373,0.008811497528708006,0.3677965306023069,,,,,,,
MSCIC,figr,0.20716451505789446,0.007019499151516083,0.00471795317305248,0.4516474144761111,,,,,,,
MSCIC,geneformer,0.4328387839201204,0.007724345371732278,0.005789376217489999,0.5635598787915342,,,,,,,
MSCIC,granie,0.1492860289694871,0.0015135566545252748,0.0013352775123831615,0.327892905075669,,,,,,,
MSCIC,grnboost,0.5450625781514097,0.037096054723910206,0.021177438401896367,0.4507449099800045,,,,,,,
MSCIC,negative_control,0.012458220791554125,0.0006736868801291282,0.0008989118627840324,0.061127195149915346,,,,,,,
MSCIC,pearson_corr,0.4741399201469429,0.028138438081294452,0.014683873183625672,0.3656999692234192,,,,,,,
MSCIC,portia,0.4314618750267311,0.02879236090808062,0.015557713959825999,0.5115274058330355,,,,,,,
MSCIC,positive_control,0.5138542908665312,0.029178008325091945,0.015292537147355532,0.36710353399603074,,,,,,,
MSCIC,ppcor,0.11923344574484046,0.00822859983897714,0.004246831157547034,0.31044277893812594,,,,,,,
MSCIC,scenic,0.45012508858619543,0.013420908315637164,0.00699575050374976,0.510687592508305,,,,,,,
MSCIC,scenicplus,0.48479441012790336,0.020722821418656723,0.013456143747600013,0.42222204261359997,,,,,,,
MSCIC,scglue,0.21132984782278905,0.006832688850315442,0.0029550190776735166,0.176568557739817,,,,,,,
MSCIC,scgpt,0.3759752780756333,0.0005112829879245231,0.0015661885486165205,0.010373916396647753,,,,,,,
MSCIC,scprint,0.1413245873167485,0.001564572672042308,0.0015563514944894226,0.27338125804909064,,,,,,,
nakatake,geneformer,0.616842871488682,0.08117094559996375,0.038803431659190604,,,,,,0.00011350063141435385,,
nakatake,grnboost,0.5233318503691026,0.21456276694500465,0.11533090765594704,,,,,,0.00014148569971439429,,
nakatake,negative_control,0.019076387269394975,0.03235414969650873,0.028468000785414834,,,,,,9.913098983815871e-05,,
nakatake,pearson_corr,0.34273826282770425,0.22209903116132287,0.08277916882409163,,,,,,6.637030855927151e-05,,
nakatake,portia,0.06220428588187432,0.03391640816134023,0.031713773775676656,,,,,,0.00014920714602340013,,
nakatake,positive_control,0.3718787410817522,0.2658495042931186,0.10471509157514314,,,,,,0.00011344045560690574,,
nakatake,ppcor,0.03361279557312243,0.024998939319509927,0.026243474448306388,,,,,,9.622806101106107e-05,,
nakatake,scenic,0.566748930262562,0.12929948070281805,0.0669289621075735,,,,,,8.088772665360011e-05,,
nakatake,scgpt,0.6868463637420718,0.03138802947395063,0.040183445622430015,,,,,,0.000170309744135011,,
nakatake,scprint,0.4557738482610598,0.07958761792781521,0.03306510503172455,,,,,,0.00012345043069217354,,
norman,geneformer,0.05575214280097507,0.10692887044155124,0.0666392336803466,,,4.032092151017121,4.1564591547300695,0.04191061457617015,0.00019312171207275242,0.6349411123227917,0.6237161405865234
norman,grnboost,0.03750565123955683,0.22897588106361932,0.10406060599853166,,,4.429717592130383,4.454010563986026,0.05022709730181838,0.0002748323749983683,0.7832235550708834,0.6628365793597493
norman,negative_control,0.0,0.06859870869897194,0.05432551368178747,,,1.3957922134735534,0.37921340748871,0.005763752579866373,0.00011934137728530914,0.5013184296619411,0.4981752854264607
norman,pearson_corr,0.0303030303030303,0.18758414803341333,0.0812206728768066,,,5.615644363517291,5.6153640959701,0.03968931144141046,0.00019008323215530254,0.7393936750272628,0.6158052384150436
norman,portia,0.05677445731485877,0.1068825017760489,0.07909599908142377,,,3.936008545926462,3.9194142878320295,0.020724593843867312,0.00018735011508397292,0.47959760087241005,0.494850458920976
norman,positive_control,0.017696598176050234,0.1472139058980923,0.06826781031021259,,,3.6285612912722045,2.796363620824459,0.05356591588350616,0.00014237001596484333,0.7624721919302072,0.6174387732258787
norman,ppcor,0.03174603174603175,0.13107833802427876,0.07545677613136152,,,4.184448450904651,4.247171294545007,0.01842913331852898,0.0003153531579300761,0.5226226826608507,0.5262028206850236
norman,scenic,0.03947258707181204,0.10191554120375453,0.06089156639172502,,,2.2120647213197895,2.167085231566178,0.06880900151903595,0.00020452641911106184,0.5227557251908397,0.5076715916722632
norman,scgpt,0.05797101449275363,0.12832356112032875,0.06577263479119683,,,1.7856843539073766,1.4889505103283502,0.02958111945275791,0.00010969685899908654,0.5825703380588877,0.6000653682561004
norman,scprint,0.11411617239845308,0.1335528339736227,0.06707704734484998,,,3.57639257296582,3.1561708534374193,0.052882622997271894,0.00019964177772635594,0.6643478735005452,0.6052057309156034
op,celloracle,0.5360599233318507,0.3886521189293531,0.2595731563413993,0.5133255520702433,0.0500940708494793,,,0.10935966059924489,0.6433889269828796,,
op,figr,0.20023827683696105,0.3722840078177405,0.2717362690892515,0.3973502915649081,0.03417650381191667,,,0.04222487458884375,0.5662499368190765,,
op,geneformer,0.42151883496961323,0.3115266770518208,0.2495105995219768,0.6043631360008563,0.0317329767653302,,,0.07306507266183411,0.5390567779541016,,
op,granie,0.17256578729160968,0.17208177978149358,0.19206345167214312,0.2310885697600739,0.010394222461913735,,,0.025531208640971075,0.48720601201057434,,
op,grnboost,0.6016156531091249,0.5491770850757267,0.3070790854986443,0.6506283836572473,0.08107153065553899,,,0.10710837199065193,0.6827670335769653,,
op,negative_control,0.0030303030303030307,0.24579259171993928,0.22622725557589435,0.23567532927916987,0.004445673326841342,,,0.0,0.5035481005907059,,
op,pearson_corr,0.41861942903517474,0.45796680069312595,0.2563183295751374,0.40420018007983505,0.08963825949527879,,,0.031229698142362827,0.6986576914787292,,
op,portia,0.4156189862662632,0.45459215277545995,0.283620166504247,0.7004458750214769,0.060742242846025,,,0.02396660278255332,0.5293155461549759,,
op,positive_control,0.48142839571325796,0.5054292952515316,0.2704839272888232,0.36744493511352977,0.13435451847169294,,,0.04085245882157721,0.7222953140735626,,
op,ppcor,0.12676995751856057,0.2453202705562999,0.21914469402782424,0.3687551946478779,0.014369572435260205,,,0.0061825374680813715,0.4914512187242508,,
op,scenic,0.47344409591606523,0.4358440256484895,0.26867935790944186,0.59967327792281,0.027888510968923166,,,0.08985295882774028,0.5844590067863464,,
op,scenicplus,0.5141723627696179,0.513384684267729,0.31121719738800313,0.5394246231855162,0.0475003025662609,,,0.03620158764424983,0.634457916021347,,
op,scglue,0.16670277252972499,0.28037335605290903,0.22976851696696213,0.12763199696319877,0.006527514693889923,,,0.07896513527026415,0.5826730132102966,,
op,scgpt,0.5055414683244019,0.1847004903468713,0.23185942204458398,0.13507247373744474,0.026693507103628077,,,0.0,0.5767775475978851,,
op,scprint,0.47936442254323625,0.29224061587491373,0.247712566047848,0.251797866805627,0.013619839541002167,,,0.0,0.5848055183887482,,
parsebioscience,geneformer,0.2508694771355246,0.39894067030790803,0.3422205811605385,0.6266033416731595,0.09388067412687175,,,0.08790352542018225,0.736892580986023,,
parsebioscience,grnboost,0.449108097702511,0.7360430175451549,0.5094883147389492,0.6749847627705379,0.14739892771256585,,,0.10181795121736749,0.7418504655361176,,
parsebioscience,negative_control,0.0004363001745200698,0.26539573067134914,0.305714075337582,0.32249484443566667,0.005078725846171324,,,0.0,0.5433128923177719,,
parsebioscience,pearson_corr,0.21576143836232894,0.7912277671788539,0.4140859552334487,0.486009178056241,0.13141514207286506,,,0.09761873865963083,0.7691301107406616,,
parsebioscience,portia,0.4199199314903556,0.683917212272649,0.5197789831742253,0.7704878607034511,0.11013367259315185,,,0.10380679042578801,0.706074982881546,,
parsebioscience,positive_control,0.2192921927392366,0.7929008994954866,0.41498427294582296,0.4815776334394662,0.13167409409237915,,,0.10257536912938738,0.7729812264442444,,
parsebioscience,ppcor,0.014515864329559133,0.20125361753406223,0.28662568512220143,0.3875262872584782,0.006543891839557564,,,0.0,0.5438349097967148,,
parsebioscience,scenic,0.25160849216373876,0.4031026632687845,0.31984555106075496,0.4563141694537605,0.03290876902037175,,,0.11375664523462353,0.69991534948349,,
parsebioscience,scgpt,0.3179222130412129,0.3060733969863895,0.39338464814670526,0.23073031490843982,0.07679749302280157,,,0.02974128338547094,0.7223198115825653,,
parsebioscience,scprint,0.3399175319180183,0.3365539472940918,0.3475251865863268,0.2825401853343704,0.01466300719566125,,,0.0027877605561285267,0.6849451065063477,,
replogle,geneformer,0.3928436456042936,0.03877709089472922,0.0479609118743255,,0.11912893158382437,4.236749582251549,2.9924822346291284,0.017938258977156733,3.4333268672526174e-07,0.6283814585908529,0.5849402155720694
replogle,grnboost,0.4044007794924225,0.12932542705727865,0.09872321138186999,,0.17535828384617258,5.672850947279473,5.508109400646301,0.008507357950492338,2.6267767339049897e-07,0.6415597033374536,0.5729744928700543
replogle,negative_control,0.02777777777777778,0.0217423251997616,0.03772494830798569,,0.003104931782948556,1.2429061449161303,0.623586460895685,0.003739947148836393,1.6112129408440978e-07,0.5131095179233621,0.5120591818973019
replogle,pearson_corr,0.3724935417399189,0.11359844398262259,0.07470419400508284,,0.12229286066286724,8.490421380060328,7.611980811302403,0.02881379523927478,8.61684483766112e-08,0.65894956736712,0.5769192608957622
replogle,portia,0.40747386966182564,0.09428492042441676,0.07942414422428618,,0.09840386091273848,4.29570369527632,4.342716369366498,0.02224824529676233,4.027287303642879e-08,0.5656264524103831,0.5391946843408985
replogle,positive_control,0.37803826920848865,0.11763538272434729,0.07613977096497969,,0.1246198525817476,7.94266718346457,7.138251913319215,0.023397876104377217,6.56743850413477e-08,0.6546242274412856,0.5755995849233447
replogle,ppcor,0.06437169178477041,0.019288933590935937,0.03494364651022935,,0.011535914037417614,-0.29548071030503104,-0.4588518562705327,0.0,3.1343103401582084e-07,0.46546699629171817,0.47368822387360243
replogle,scenic,0.26874795078134256,0.054930901855977925,0.05118264848369553,,0.026291736742540928,2.723368395679141,2.586831396591264,0.07491297477683934,1.2583534214627434e-07,0.5439735475896168,0.5264927361585325
replogle,scgpt,0.30348041907873585,0.030998338952305225,0.04451657058868306,,0.03757741169436238,1.0081189550529257,1.073612194406079,0.004036041650330815,3.7646292838644513e-07,0.5256222496909765,0.5190604539064069
replogle,scprint,0.16740235714824528,0.02428555368232668,0.04062481257972941,,0.019354699572716676,2.574477124186244,2.2836920292742375,0.0,6.982683942169388e-08,0.519772805933251,0.510320479346589
soundlife,geneformer,0.37081614345162167,0.0015595498042753227,0.004285051694673077,0.3753345567962495,,,,0.0601741937471897,,,
soundlife,grnboost,0.5490978387380373,0.005257458811350056,0.006959073999317627,0.4425031252425481,,,,0.07440643283156535,,,
soundlife,negative_control,0.009442249225711298,1.0976793666633054e-06,0.0036589045924178146,0.04935435895591588,,,,0.00391966968372067,,,
soundlife,pearson_corr,0.5355700098320737,0.003048634828993391,0.005862507562608802,0.3213896523804254,,,,0.05238959051799074,,,
soundlife,portia,0.3025121378432248,0.003327088074416822,0.004669912482186946,0.4819328474615291,,,,0.0,,,
soundlife,positive_control,0.525218323259502,0.0032016603867860293,0.006056602158381835,0.3052320277864359,,,,0.1003385108084458,,,
soundlife,ppcor,0.16384066180951617,0.0014693521745021,0.004000649349374715,0.20294348919668437,,,,0.0,,,
soundlife,scenic,0.37688381957557376,0.0007118521093122686,0.003903005223660126,0.42090867168282264,,,,0.07688484001029443,,,
soundlife,scgpt,0.3604842461181558,0.0005696834304656032,0.0044277063476421555,0.024238637926742072,,,,0.007607611213053204,,,
soundlife,scprint,0.11638382717444151,2.9588502505548733e-05,0.0035906293338402767,0.14400710117563437,,,,0.0,,,
soundlife_vaccine,geneformer,0.3417214186567756,0.00033990143318519446,0.0054458191292960575,0.3921456353678265,,,,0.06721111571199594,,,
soundlife_vaccine,grnboost,0.5272228607819485,0.003183420623342196,0.008485304744508189,0.4249758713579002,,,,0.05809205882440637,,,
soundlife_vaccine,negative_control,0.007017543859649124,7.039331125490593e-06,0.005171615581047866,0.053654651928090005,,,,0.007342362814914765,,,
soundlife_vaccine,pearson_corr,0.4957103498262587,0.00274896113427751,0.007529380231252643,0.32891362387964135,,,,0.06410896769753137,,,
soundlife_vaccine,portia,0.347269548328016,0.002166176601454164,0.006503197236975965,0.6601542049285474,,,,0.0,,,
soundlife_vaccine,positive_control,0.5214467740290908,0.0030436676531804333,0.007917872385063831,0.3573060441311867,,,,0.06103324501838818,,,
soundlife_vaccine,ppcor,0.13955236752666253,0.000413683835755695,0.005405615713295446,0.19393744341887037,,,,0.0,,,
soundlife_vaccine,scenic,0.3354197153997893,0.0010224863943276983,0.005594785232602695,0.4162089538996011,,,,0.06881431035834734,,,
soundlife_vaccine,scgpt,0.34390696369247603,5.9805725785818964e-05,0.005282770672792977,0.02550445817565531,,,,0.0063839476928190305,,,
soundlife_vaccine,scprint,0.1510332344454617,9.598086277643841e-06,0.005183402860223585,0.1957009865313373,,,,0.0,,,
xaira_HCT116,geneformer,0.4266190850085636,0.030274168644728285,0.0215802425926612,,0.013599897872281124,3.3371788349357505,2.39146440049428,0.0690005982493893,2.2937854282645276e-08,0.592544990235842,0.6110350142012385
xaira_HCT116,grnboost,0.6782210031255258,0.11460478849960178,0.05506319797653127,,0.039887861452051185,6.0252784380844435,5.636951191194088,0.1429340084202735,3.8345655539728796e-09,0.6133799008562415,0.6093990780835312
xaira_HCT116,negative_control,0.018349477362533496,0.010230158838663208,0.011610739178606905,,6.125436184134659e-05,0.8065906614107266,0.9168420100072825,0.0,2.11099777658319e-08,0.5266931050022533,0.5209912930111282
xaira_HCT116,pearson_corr,0.5672790242396034,0.09302718843636887,0.03699343140510607,,0.024378829863985877,8.777533280044175,7.091297484181737,0.09546511097074481,3.1987825721557783e-09,0.6192457563467028,0.6430236532104111
xaira_HCT116,portia,0.6567370687954336,0.09385696503051212,0.04175625280207928,,0.017829694382616848,5.1845569122225,4.506229308343751,0.12937258439967947,8.004904117342448e-08,0.5983488057683641,0.6029620989896167
xaira_HCT116,positive_control,0.5750916648626266,0.09606770639506619,0.03977526695157335,,0.030542882515520835,9.52753992142395,7.554514619489854,0.07425212878194147,4.3431917617908766e-08,0.6141928796755295,0.6416475299157238
xaira_HCT116,ppcor,0.0,0.007316539804922061,0.010740076195898368,,2.2359626735928e-05,-12.879228096441338,-12.799804826722749,0.0,0.0,0.3307510890791648,0.42634050379475713
xaira_HCT116,scenic,0.5774306624520379,0.05628803460283226,0.024908918556011992,,0.008258475385770587,5.522046400699899,5.024246580449722,0.11464282970678272,6.094575155657367e-08,0.5610019528316058,0.55610238860176
xaira_HCT116,scgpt,0.6417255512877534,0.03918049720565924,0.0228322742892868,,0.004443355431452283,5.097686596100892,3.8382883236012884,0.0,0.0,0.5467628060687998,0.5478131955114774
xaira_HCT116,scprint,0.45726699853432917,0.02915750949570302,0.019245061845560033,,0.011214286672646429,3.886747792041303,3.2481181380061503,0.035600001532772985,6.325046086885777e-08,0.5413008862851134,0.5378076081389394
xaira_HEK293T,geneformer,0.4158868878640316,0.032259235932909205,0.013911713376337873,,0.014878624979568317,6.17906340214578,3.5001792969170302,0.01211327492601673,0.0,0.6148806479113385,0.6194007469118069
xaira_HEK293T,grnboost,0.5295820638473757,0.11662701381486038,0.03123047308994025,,0.030838693782792588,4.054414384581983,4.316938066068878,0.004407907587575144,0.0,0.6592080136402387,0.6064165469692617
xaira_HEK293T,negative_control,0.029940479183546007,0.010820527224705136,0.008441098114172882,,0.00012671485219783565,-0.6588466918284576,-0.5253303067732066,0.0,1.7553567488448607e-08,0.5451210571184996,0.5124512113377382
xaira_HEK293T,pearson_corr,0.36604926649218766,0.10061610812976443,0.022222594887128334,,0.031923323489984376,8.657144208860268,6.414721105769605,0.023410663455307887,0.0,0.6897450980392157,0.6473297902901465
xaira_HEK293T,portia,0.5105785990618816,0.10137821426884883,0.024438139830160105,,0.024445099751477004,5.902759070197577,5.149496645186471,0.0,0.0,0.6265055413469736,0.5865832615148904
xaira_HEK293T,positive_control,0.3444524348604858,0.10140726457793137,0.022390211664173154,,0.033861443978995286,8.829220025523993,6.445701179808749,0.022701773359718846,0.0,0.688541346973572,0.6458784831944843
xaira_HEK293T,ppcor,0.004057377049180327,0.007248337449698613,0.007594801236663933,,2.0136586929614876e-05,-6.847820400955253,-6.120004161296463,0.0,0.0,0.3773239556692242,0.44261151010246097
xaira_HEK293T,scenic,0.3186286774618165,0.036928733011771894,0.012861950542950801,,0.011777248659394328,4.239407099079265,4.613380321258652,0.043620098677998896,0.0,0.5597084398976983,0.5316260653069041
xaira_HEK293T,scgpt,0.5575692631538607,0.02721821876229911,0.014186099248298329,,0.00814376350092464,2.3025073088010926,2.151850865396408,0.002734421070633953,2.9444694071845134e-08,0.5917911338448423,0.5692714737144499
xaira_HEK293T,scprint,0.3384456460307404,0.025450416786917326,0.01073245012399969,,0.012876373334085173,3.6156095496359217,1.7415303831320583,0.008908158647616187,2.0584464266448776e-07,0.5597301790281329,0.517647323566025
